,addr_name,brand_name,addr_lat,addr_lng
0,서울특별시 성북구  성북로4길 52,한신한진아파트,37.59480874606793,127.0103177857626
1,서울특별시 중랑구 망우동 579,한울네세창아파트,37.59841576963084,127.10627649602299
2,서울특별시 은평구 진관동 25,은평뉴타운구파발9단지래미안아파트,37.64411774757542,126.92041830833344
3,서울특별시 은평구 불광동 633,북한산현대홈타운아파트,37.6118842620293,126.933879500139
4,서울특별시 도봉구 쌍문동 59-3,한양5차아파트,37.65602147660313,127.0321346738133
5,서울특별시 성북구 길음동 1282,길음뉴타운5단지래미안아파트,37.60968453435855,127.02071216425595
6,서울특별시 용산구 이촌동 301-10,로얄맨숀,37.520056108361096,126.97453445195448
7,서울특별시 광진구 광장동 135-1,,,
8,서울특별시 강북구 수유동 733,,,
9,서울특별시 송파구 풍납동 219,미성맨션,37.53417863241659,127.11375215442318
10,서울특별시 강남구  압구정로29길 57,현대14차아파트,37.5306265193774,127.02613890553822
11,서울특별시 동대문구 휘경동 109,휘경롯데낙천대아파트,37.591728514798696,127.06392415215947
12,서울특별시 강남구 삼성동 79,홍실재건축아파트 (예정),37.5199725447029,127.059782657945
13,서울특별시 서대문구 천연동 145,천연뜨란채아파트,37.56756304357773,126.95844959649767
14,서울특별시 성북구 돈암동 644,돈암코오롱하늘채아파트,37.599432413814334,127.01257982601214
15,서울특별시 중구 묵정동 11-2,충무아파트,37.56078044510535,127.00068814306537
16,서울 구로구 개봉동  480,현대홈타운2단지아파트,37.49161777697712,126.86162547026112
17,서울특별시 동작구 사당동 1048-8층402,,,
18,서울특별시 강동구 성내동 510-1,광남캐스빌아파트,37.53172307337042,127.1289801179771
19,서울특별시 동작구 사당동 1157,이수역리가아파트,37.48949025320988,126.97385282042934
20,서울특별시 노원구 월계동 938,건양노블레스오피스텔,37.6172071209924,127.06644236036
21,서울특별시 은평구 진관동 10,상림마을은평뉴타운14단지아이파크아파트,37.642502835621556,126.93133586109916
22,서울특별시 도봉구 방학동 612-2,,,
23,서울특별시 동작구 상도동 533,힐스테이트상도프레스티지아파트,37.49683626864336,126.94925543680915
24,서울특별시 도봉구 방학동 531,신동아2단지아파트,37.659108471451724,127.02351835117136
25,서울특별시 동작구  보라매로5가길 24,보라매나산스위트아파트,37.49069043574517,126.92394989074114
26,서울특별시 서대문구 홍제동 283-36,마체스터아파트,37.596434791466756,126.94996353996036
27,서울특별시 금천구 시흥동 384-12,건영2차아파트,37.449368038239406,126.91070589589842
28,서울특별시 은평구 신사동 155-1,신성아파트,37.58977235396887,126.90511267017244
29,서울특별시 양천구 신월동 440-10,삼백아파트,37.52184650188658,126.83890444182435
30,서울특별시 은평구 증산동 162-20,자선메르시안아파트(162-20번지),37.586551294769066,126.91087741279706
31,서울특별시 노원구 중계동 504-1,,,
32,서울특별시 서초구 서초동 1527-14,서초동아아파트,37.4840074997729,127.008547752698
33,서울특별시 도봉구 방학동 496,벽산2차아파트,37.65880898561742,127.02525900658921
34,서울특별시 강서구 마곡동 743-4,마곡엠밸리7단지아파트,37.56563606787209,126.82386023376502
35,서울특별시 서대문구 홍제동 455,현대그린아파트,37.58908623482549,126.94980541681386
36,서울특별시 중랑구 면목동 1505,면목아남리치카운티아파트,37.58922128942006,127.08497722710007
37,서울특별시 강동구 길동 474,GS강동자이아파트,37.53801268222193,127.14982016649486
38,서울특별시 강서구 화곡동 1091,화곡푸르지오아파트,37.544622377545736,126.83144140674757
39,서울특별시 종로구 창신동 602-1,,,
40,서울특별시 성북구 아리랑로5길 85,돈암더샵아파트,37.597677470823655,127.01067601171005
41,서울특별시 양천구 신월동 987-1,신월시영아파트,37.51709330487288,126.83277476226287
42,서울특별시 서대문구 북아현동 1011,신촌푸르지오아파트,37.56039783307326,126.95238481931821
43,서울특별시 송파구 신천동 17,파크리오아파트,37.52122940631966,127.10998251166994
44,서울특별시 서대문구 홍은동 440-3,풍림1차아파트,37.59485257526492,126.94192958595991
45,서울특별시 도봉구 방학동 720-18,방학삼성래미안1단지아파트,37.6669434576878,127.04733633569171
46,서울특별시 은평구 응암동 739,응암금호아파트,37.59921284885765,126.92223156668015
47,서울특별시 성북구 하월곡동 226,SH빌2차아파트,37.5974579682327,127.04165761102
48,서울특별시 강동구  상암로3길 77,삼성광나루아파트,37.55403745044372,127.12710031436973
49,서울특별시 강서구  우장산로4길 60,우장산타워빌아파트,37.55193012049468,126.83835082690086
50,서울특별시 광진구 자양동 813,광진하우스토리한강아파트,37.53001863575139,127.08979291966492
51,서울특별시 금천구 독산동 293-10,독산현대아파트,37.46745827036097,126.89500792154976
52,서울특별시 강동구 성내동 468,파크뷰캐슬아파트,37.52489870152259,127.12749432175407
53,서울특별시 영등포구 영등포동4가 117-7,스퀘어뷰오피스텔,37.51887974048499,126.90249672785298
54,서울특별시 성북구 돈암동 609-1,한신한진아파트,37.59480874606793,127.0103177857626
55,서울특별시 성북구 하월곡동 218,아남아파트,37.60569167122821,127.03469056727768
56,서울특별시 성북구 돈암동 642,돈암해피트리아파트,37.59799091960447,127.01169066686735
57,서울특별시 노원구 상계동 173-1,벽산아파트,37.6616865566083,127.073164181156
58,서울특별시 양천구 목동 955,목동근상프리즘아파트,37.54104621112189,126.8706451332298
59,서울특별시 동대문구 장안동 363-11,정암아파트,37.56738600803503,127.06934558658595
60,서울특별시 구로구 고척동 326,청구아파트,37.50153862080172,126.86383733540784
61,서울특별시 노원구 중계동 592,벽산아파트(중계3차),37.65429105475222,127.07355582188104
62,서울특별시 서대문구 홍제동 454,유원하나아파트,37.595098713864,126.95236498206906
63,서울특별시 은평구 역촌동 59-15,만민라이프아파트,37.60562725531806,126.91353640215966
64,서울특별시 은평구 불광동 484-90,윤현아파트,37.6235026125881,126.920883201017
65,서울특별시 노원구 상계동 1304,대망드림힐아파트,37.67638078593786,127.05836061004631
66,서울특별시 서초구 방배동 1008-2,방배래미안아트힐아파트,37.477675406635306,127.00511465214285
67,서울특별시 금천구 시흥동 1013,벽산5단지아파트,37.4482710161534,126.91877171285056
68,서울특별시 관악구 신림동 1563-82,한양아파트,37.473013783934405,126.91504146159107
69,서울특별시 노원구 하계동 273,장미아파트,37.63370157637949,127.06786639508353
70,서울특별시 양천구 신월동 142-14,금하뜨라네아파트,37.534118231784255,126.8238291655869
71,서울특별시 마포구 도화동 353,도화현대홈타운2차아파트,37.53777723687573,126.95207108126252
72,서울특별시 은평구 신사동 242,예성그린아파트,37.5971234346741,126.90724237191
73,서울특별시 서대문구 홍제동 312-243,엠씨케이(MCK)파크힐아파트,37.585900137118486,126.94156518146282
74,서울 구로구 신도림동  647,신도림5차e편한세상아파트,37.50703859280142,126.880724511041
75,서울특별시 강서구 화곡동 981-1,서광프리메라오피스텔,37.55030320714841,126.84876895883325
76,서울특별시 동작구 사당동 238-6,레디앙스아파트,37.4817774792531,126.966187633439
77,서울특별시 노원구 하계동 270,현대우성아파트,37.6368486609804,127.06638280483796
78,서울특별시 송파구 신천동 7-19,잠실시그마타워아파트,37.51462275760842,127.10251989035393
79,서울특별시 서초구 서초동 1467-37,서초3차대림이편한세상아파트,37.4786591686755,127.007701473721
80,서울특별시 서초구  서초중앙로12길 19,TS프리우스아파트,37.48789546720162,127.01607422611987
81,서울특별시 노원구 상계동 633,,,
82,서울특별시 마포구 도화동 550,마포삼성아파트,37.5400830740148,126.95032143595205
83,서울특별시 동대문구 장안동 466-5,,,
84,서울특별시 강서구 염창동 306,염창힐스테이트아파트,37.551385613671634,126.87355150504912
85,서울특별시 강남구 개포동 649,경남아파트,37.4845143707298,127.0541723119617
86,서울특별시 강서구 등촌동 638,서광등촌마을아파트,37.5576955333808,126.857166441402
87,서울특별시 동대문구 청량리동 234-2,현대아파트,37.58497567568795,127.04635146721299
88,서울특별시 강서구  방화대로48길 40,방화2단지아파트,37.574697578388026,126.81923155767636
89,서울특별시 송파구 가락동 95,가락금호아파트,37.496362781444354,127.11636355547823
90,서울특별시 관악구 봉천동 1698-1,보라매삼성아파트,37.49410609524941,126.92817564601104
91,서울특별시 구로구 신도림동 290,미성아파트,37.507333355246935,126.87647145886532
92,서울특별시 중구 회현동1가 208,남산롯데캐슬아이리스아파트,37.558259875641106,126.98192327179159
93,서울특별시 서대문구 연희동 51-151,충우아파트(51-151),37.5678946880066,126.93472433222183
94,서울특별시 강동구 천호동 19-1,천호우성아파트,37.5497679445997,127.13881692627864
95,서울특별시 성북구 정릉동 1024,피오레1단지아파트,37.617168158918965,127.00094238012554
96,서울특별시 노원구 공릉동 371-11,서일이츠뷰아파트,37.62752083668882,127.07382849845882
97,서울 서대문구 북가좌동  481,DMC래미안e편한세상아파트,37.57265051672572,126.91054985435294
98,서울특별시 중랑구 면목동 193-1,면목한신아파트,37.58750505698917,127.0754646406228
99,서울특별시 구로구 구로동 743-32,,,
100,서울특별시 송파구 문정동 1,문정래미안아파트,37.490621445698174,127.13029006224446
101,서울특별시 중랑구 신내동 795,새한아파트,37.605191849111876,127.10146174385793
102,서울특별시 은평구 갈현동 267-1,라이프씨티아파트,37.62299779653625,126.9104306585964
103,서울특별시 구로구 고척동 320,센츄리아파트,37.50445249441749,126.86230298225573
104,서울특별시 강남구 역삼동 729-37,명인갤러리1차아파트,37.4985135896485,127.042507283285
105,서울특별시 광진구 중곡동 292,SK아파트,37.56886493681501,127.08649352870773
106,서울특별시 성동구 행당동 377,서울숲더샵오피스텔,37.55719849473362,127.0400597786999
107,서울특별시 금천구 가산동 141-2,가산양우내안애애플오피스텔,37.47872555659634,126.89119908060151
108,서울특별시 은평구 진관동 19,상림마을은평뉴타운1단지롯데캐슬아파트,37.64417800735758,126.92297333526051
109,서울특별시 도봉구 쌍문동 711,금강아미움파크타운아파트,37.6614075566338,127.03814709836153
110,서울특별시 서초구 신원동 412-5,,,
111,서울특별시 강서구 가양동 1500,강서한강자이아파트,37.56624478062903,126.84895972005735
112,서울특별시 은평구 신사동 367,이랜드타운아파트,37.590596665048004,126.90387971912233
113,서울특별시 영등포구 영등포동8가 51-1,메이준오피스텔,37.526942860717774,126.90589145446374
114,서울특별시 송파구 송파동 20-10,에스탑아파트,37.5078660575619,127.109622467636
115,서울특별시 성동구 성수동1가 718,트리마제아파트,37.538810105875186,127.04481234694944
116,서울특별시 송파구 가락동 199,프라자아파트,37.4919909359252,127.13355359517705
117,서울특별시 강서구 염창동 249-11,염창현대2차아파트,37.55104242806974,126.87280065843812
118,서울특별시 노원구 상계동 1282,상계중앙하이츠2차아파트,37.65496093751854,127.06830730561792
119,서울특별시 구로구 천왕동 7-1,,,
120,서울특별시 구로구 구로동 1272,미래타워오피스텔,37.4825535333624,126.899909577772
121,서울특별시 중랑구 신내동 317,신내데시앙1단지아파트,37.6109238462656,127.09945808029465
122,서울특별시 영등포구 영등포동 648,순영웰라이빌아파트,37.5165383484294,126.9132999501032
123,서울특별시 노원구 월계동 448-3,삼창아파트,37.61850427769218,127.06022278935126
124,서울특별시 서초구 우면동 789,LH서초5단지아파트,37.45896787535628,127.0250469607207
125,서울특별시 강남구 일원동 718,샘터마을아파트,37.48427445597936,127.08261499474953
126,서울특별시 동작구 동작동 331,동작금강KCC아파트,37.49402865537933,126.97845588096428
127,서울특별시 송파구 마천동 9,아남아파트,37.5005249716484,127.14598611121083
128,서울특별시 은평구 불광동 346-3,금상아파트,37.62055159831466,126.92745610139123
129,서울특별시 강남구 개포동 1280,래미안블레스티지아파트,37.481287460486016,127.06397918908269
130,서울특별시 구로구 고척동 296,고척대우아파트,37.5028484589891,126.856049577532
131,서울특별시 서대문구 홍제동 131-2,제니스아파트,37.58712665739875,126.94791367267888
132,서울특별시 은평구 수색동 75,DMC자이1단지아파트,37.57959297097762,126.89864998628089
133,서울 마포구 합정동  381-16,KCC엠파이어리버오피스텔,37.54829414562579,126.9121089249724
134,서울특별시 은평구 대조동 231,삼성타운아파트,37.609029702508806,126.9217275569109
135,서울특별시 금천구 시흥동 1008,금강아파트,37.46315514921161,126.90811684719246
136,서울특별시 도봉구 방학동 271-1,신동아1단지아파트,37.6606676527166,127.029398553672
137,서울특별시 광진구 중곡동 293-12,,,
138,서울특별시 은평구 진관동 132,은평뉴타운폭포동아파트(힐스테이트D10),37.62727771508966,126.93401993003785
139,서울특별시 강동구 둔촌동 603,프라자아파트,37.53540177717921,127.14823999311193
140,서울특별시 강동구  상암로 11,선사현대아파트,37.55224672809914,127.1266717599396
141,서울특별시 송파구 마천동 20,신동아아파트,37.50002597088506,127.14439283864193
142,서울특별시 서초구 반포동 18-1,래미안퍼스티지아파트,37.5032064667979,126.999398337486
143,서울특별시 동대문구 장안동 372-9,청솔오피스텔,37.57106784876167,127.07023759632398
144,서울특별시 강동구 성내동 419-13,동아1차아파트,37.52884987964355,127.13295406119319
145,서울특별시 중랑구 상봉동 128-10,SG타워아파트,37.593701060937576,127.07975556698247
146,서울특별시 구로구 고척동 335,예주유니츠아파트,37.50656299319736,126.8610595361016
147,서울특별시 성북구 정릉동 1018,정릉태영아파트,37.6061677340023,127.016507343215
148,서울특별시 강서구 등촌동 570-11,정우아파트,37.53764411582893,126.86119197403912
149,서울특별시 성동구 옥수동 4,옥수현대아파트,37.54360591337897,127.0188788562674
150,서울특별시 강북구 번동 234,번동주공4단지아파트,37.63085303453443,127.0392518896577
151,서울특별시 강북구 미아동 813,래미안트리베라1차아파트,37.613940803823745,127.0207269361348
152,서울 도봉구 방학동  739,효성하이타운아파트,37.66127937057278,127.0329892104671
153,서울특별시 관악구 봉천동 464-41,은선파인빌아파트,37.4863101122049,126.947902337685
154,서울특별시 마포구 공덕동 469,공덕래미안5차아파트,37.55073725480446,126.95218047645083
155,서울특별시 은평구 신사동 359,새절역현대아파트,37.59350882643966,126.90861355593397
156,서울특별시 도봉구 도봉동 81-1,극동아파트,37.68252225396975,127.04961809082282
157,서울특별시 노원구 상계동 670,상계주공9단지아파트,37.66333802273279,127.06049926572746
158,서울특별시 강동구 천호동 305,중앙하이츠아파트,37.547424569344855,127.13000411681922
159,서울특별시 영등포구 당산동3가 561,당산동부센트레빌아파트,37.52481707267833,126.90001378181695
160,서울특별시 노원구 상계동 740,상계주공2단지아파트,37.64973848455051,127.05894713081827
161,서울특별시 광진구 자양동 784-1,대동아파트,37.536430136229406,127.06828503255437
162,서울특별시 중랑구 면목동 472-8,아람플러스리빙아파트,37.58087445315167,127.08989471709302
163,서울특별시 서초구 방배동 725,삼호4차아파트,37.49714044981198,126.98974090077334
164,서울특별시 금천구 독산동 1143,금천이랜드해가든아파트,37.46101249911018,126.89306828306788
165,서울특별시 구로구 구로동 104-3,구로그린플러스해담채3오피스텔,37.4969788910682,126.89100636938912
166,서울특별시 양천구  목동중앙본로 34,월드아파트,37.53939110417179,126.86985142347423
167,서울특별시 광진구 자양동 227-7,더샵스타시티아파트,37.53780427161658,127.07263111759445
168,서울특별시 송파구 가락동 120-4,가락우성2차아파트,37.49188082071231,127.12551134130196
169,서울특별시 서대문구 연희동 740,성원아파트,37.57643489423462,126.93917715886542
170,서울특별시 관악구  은천로34길 20,,,
171,서울특별시 관악구 신림동 1433-55,프라비다트라움오피스텔,37.484802236151786,126.92808505494571
172,서울특별시 송파구 장지동 879,송파더센트레아파트,37.47929357128287,127.1400928993921
173,서울특별시 노원구 상계동 766-1,미도아파트,37.646225432510924,127.06095222418209
174,서울특별시 동작구 노량진동 325,신동아리버파크아파트,37.5075001627655,126.944345294285
175,서울특별시 도봉구 창동 38,주공17단지아파트,37.644207293332194,127.05338160929209
176,서울특별시 노원구 공릉동 740,대아아파트,37.62398920896834,127.07902216187632
177,서울특별시 강서구 방화동 897,마곡일성트루엘아파트,37.57101151254286,126.82213151225719
178,서울특별시 송파구 가락동 53,가락쌍용스윗닷홈3차아파트,37.49774094166772,127.12296427076191
179,서울특별시 노원구 하계동 256-5,한신동성아파트,37.639809183543555,127.07555830276007
180,서울특별시 동대문구 전농동 6,전농우성아파트,37.577272417963314,127.06495781882036
181,서울특별시 강서구 방화동 862,한숲마을대림아파트,37.57725015596032,126.81751597345445
182,서울특별시 서초구 내곡동 143,서초포레스타2단지아파트,37.45539849140569,127.06099707238414
183,서울특별시 송파구 오금동 9-7,,,
184,서울특별시 마포구 마포동 449,,,
185,서울 서대문구 북가좌동  460,이랜드해가든아파트,37.576115361342644,126.90321458051578
186,서울특별시 금천구 독산동 993-25층202,,,
187,서울특별시 노원구 월계동 923,초안1단지아파트,37.63299199256823,127.04429219157879
188,서울특별시 강북구 미아동 1357,삼각산아이원아파트,37.6155486176273,127.017981853747
189,서울특별시 강서구 화곡동 923-17,,,
190,서울특별시 영등포구 영등포동1가 144,,,
191,서울특별시 구로구  중앙로15길 151,한일유앤아이아파트,37.50799253325947,126.85115371186562
192,서울특별시 동작구  동작대로29길 119,극동아파트,37.491549392251954,126.97542160970205
193,서울특별시 관악구 봉천동 1706,관악우성아파트,37.48538833941678,126.95926400852285
194,서울특별시 용산구 한남동 72-1,한남리첸시아오피스텔,37.5345791486464,127.007720797545
195,서울특별시 강남구 개포동 1165,현대빌라트,37.4741097080401,127.053753297319
196,서울특별시 강남구 삼성동 5-3,골든카운티아파트,37.516986317937,127.046427021872
197,서울특별시 도봉구 방학동 508,우성2차아파트,37.65683833800087,127.02174066654904
198,서울특별시 성북구 하월곡동 228,꿈의숲푸르지오아파트,37.61077190927401,127.03899216768632
199,서울특별시 강동구 암사동 509,선사현대아파트,37.55224672809914,127.1266717599396
200,서울특별시 은평구 녹번동 71-8,청솔아파트,37.59934577916815,126.93830128789659
201,서울특별시 양천구 신월동 1001-5,보금자리아파트,37.5165147683659,126.839196427557
202,서울특별시 강동구 암사동 501-4,암사동양덱스빌아파트,37.5501727809754,127.128202771627
203,서울특별시 영등포구 당산동4가 88,현대3차아파트,37.5310849310045,126.89640314954977
204,서울특별시 강서구 가양동 1460,한강아파트,37.57138611385956,126.84498743003442
205,서울특별시 노원구 중계동 598,한화꿈에그린아파트,37.64733259431431,127.08329837571794
206,서울특별시 동작구 사당동 1140,사당삼성아파트,37.493354858093056,126.9793290490127
207,서울 용산구 한강로3가  63-389,용산시티파크1단지오피스텔,37.52539419570679,126.96926313811512
208,서울특별시 마포구 창전동 449,마포웨스트리버태영데시앙아파트,37.55005627887381,126.93073384439178
209,서울특별시 구로구 구로동 314,극동아파트,37.49103114570664,126.8898186677923
210,서울특별시 동대문구 이문동 64,쌍용아파트,37.59978440549867,127.06851501787186
211,서울특별시 구로구 개봉동 306-3,신세기아파트,37.49385304719243,126.85330542407691
212,서울특별시 송파구 잠실동 27,잠실주공5단지아파트,37.515530273736545,127.09471972758642
213,서울특별시 동대문구 장안동 327,장안동정은스카이빌아파트,37.57691759236692,127.0738690730561
214,서울특별시 종로구 숭인동 76,롯데캐슬천지인오피스텔,37.57402400120613,127.01600102706112
215,서울특별시 성북구 정릉동 1031,정릉힐스테이트3차아파트,37.61445774028558,127.00767015212185
216,서울특별시 관악구 봉천동 1703,성현동아아파트,37.48959290678911,126.95555290073528
217,서울특별시 강남구 압구정동 482,,,
218,서울특별시 송파구 풍납동 508,한강극동아파트,37.52942952645229,127.11274031230222
219,서울특별시 서대문구 홍은동 186-25,서강2차아파트,37.59543612299509,126.9344828727542
220,서울특별시 성동구 응봉동 15,대림강변타운아파트,37.553430107559,127.0357391828018
221,서울특별시 양천구 목동 962,목동트라팰리스웨스턴에비뉴아파트,37.52599561138993,126.87038151563104
222,서울특별시 강서구 화곡동 343-35,성재센트리움아파트(343-35),37.53148134054277,126.84598306985274
223,서울특별시 동대문구 청량리동 235-11,미주아파트,37.5834583679649,127.046441099047
224,서울특별시 성북구 하월곡동 46-73,코업스타클래스아파트,37.601822789182414,127.04044607366451
225,서울특별시 강서구 염창동 272-28,염창우성3차아파트,37.5512996032798,126.86742252499559
226,서울특별시 마포구 상암동 1743,상암월드컵파크12단지아파트,37.58641584239984,126.88001828221351
227,서울특별시 강동구 천호동 28,썬팰리스아파트,37.547606751416005,127.14084529742081
228,서울특별시 강동구 성내동 405-9,한솔애리즈8차아파트,37.53108705692965,127.13375903834604
229,서울특별시 동대문구 휘경동 57,주공2단지아파트,37.58355095162028,127.06899941954676
230,서울특별시 동작구 신대방동 711,보라매파크빌아파트,37.4944112827633,126.91553287934781
231,서울특별시 강동구 성내동 386-17,,,
232,서울특별시 서대문구 남가좌동 377,DMC래미안클라시스아파트,37.577934745775956,126.91656163623432
233,서울특별시 중랑구  공릉로18길 59,태릉브라운스톤아파트,37.618743132587156,127.08242827763223
234,서울 강북구 수유동  77-9,,,
235,서울특별시 은평구 구산동 224,경남아너스빌아파트,37.60556153457049,126.9053825355327
236,서울특별시 서초구 방배동 1-62,프레스턴아파트,37.49562166991061,126.99449851112938
237,서울특별시 송파구 문정동 145,문정시영아파트,37.490597626696704,127.1354462575153
238,서울특별시 노원구 하계동 274,청솔아파트,37.63248141876827,127.07130024002107
239,서울특별시 송파구 풍납동 260,현대리버빌1차아파트,37.530749725551516,127.11529917238448
240,서울특별시 강남구 압구정동 513,한양5차아파트,37.528938845691336,127.04207653469238
241,서울특별시 강남구 대치동 1027,래미안대치팰리스1단지아파트,37.49440021218252,127.05799820242991
242,서울특별시 송파구 방이동 157,방이금호어울림아파트,37.51252133028157,127.11825266437712
243,서울특별시 용산구 이촌동 300-10,점보아파트,37.51804949833176,126.97870235870825
244,서울특별시 노원구  상계로 193-14,상계대림아파트,37.6634118633762,127.074716325308
245,서울특별시 중구 황학동 2545,롯데캐슬베네치아아파트,37.57114893748801,127.02158895337773
246,서울특별시 광진구 구의동 587-58,파르네빌아파트,37.536056861888156,127.09133439197456
247,서울특별시 성동구 성수동2가 836,금강아미움아파트,37.546619672957455,127.05973037782698
248,서울특별시 영등포구 신길동 4934-1,,,
249,서울특별시 광진구 중곡동 190-26,,,
250,서울특별시 서초구 반포동 802,,,
251,서울특별시 강남구 삼성동 17,삼성동롯데아파트,37.5177638793405,127.04867625789859
252,서울특별시 송파구  성내천로 87,오금우방아파트,37.50142650900244,127.13958235362621
253,서울특별시 노원구 중계동 578,중계현대2차아파트,37.64784339424072,127.0846451091211
254,서울특별시 강동구 암사동 413,프라이어팰리스아파트,37.55352610318784,127.13949839212972
255,서울특별시 은평구  갈현로5길 26,임탑아파트(100동),37.60145480770335,126.90763900710617
256,서울특별시 강남구 대치동 962-20,대치주성아파트,37.501569317172425,127.06020338612421
257,서울특별시 영등포구  여의대방로43나길 25,,,
258,서울특별시 서초구 서초동 1321-6,서초동아타워아파트,37.49601733894278,127.02527644953783
259,서울특별시 강남구 일원동 716,목련타운아파트,37.48471911929594,127.08575421187335
260,서울특별시 구로구 개봉동 469,우성아파트,37.504487004221716,126.84369631695091
261,서울특별시 중랑구 중화동 207-12,,,
262,서울특별시 서초구 서초동 1683,,,
263,서울특별시 강북구 미아동 1353,SK북한산시티아파트,37.6184432414034,127.013039501497
264,서울특별시 강서구 등촌동 702,등촌주공10단지아파트,37.56236253032433,126.84836542054995
265,서울특별시 강북구 우이동 342,대우아파트,37.655423471127314,127.0111421068829
266,서울특별시 용산구 이촌동 302-53,월드메르디앙아파트,37.5207395501517,126.969009394336
267,서울특별시 성동구 마장동 768-1,안민아파트(아트리움),37.56811367967141,127.043692311695
268,서울특별시 강남구 신사동 523-4,신사씨티빌아파트,37.52104994852903,127.02067972014376
269,서울특별시 용산구 이태원동 124-12,메이아파트,37.53508030960208,126.9966374027152
270,서울특별시 노원구 하계동 354,학여울청구아파트,37.63575925826537,127.06160531684242
271,서울특별시 영등포구 여의도동 61,여의도금호리첸시아오피스텔,37.518630647900046,126.93962115108268
272,서울특별시 서대문구 미근동 215,서소문아파트,37.562823203857306,126.96810686766311
273,서울특별시 강서구 방화동 860,마곡서광아파트,37.579310767756766,126.81929965175611
274,서울특별시 은평구 녹번동 281,북한산푸르지오아파트,37.60683748279,126.93654536993654
275,서울특별시 중랑구 신내동 656,신내8단지두산화성아파트,37.61363397657145,127.09513963308686
276,서울특별시 노원구 상계동 666,상계주공10단지아파트,37.66391186829532,127.05704179469737
277,서울특별시 서초구 우면동 57,대림아파트,37.472836656208166,127.02300766775946
278,서울특별시 영등포구 문래동3가 76-1,국화맨션,37.516425109665725,126.89279470984351
279,서울특별시 성동구 마장동 784,세림아파트,37.565294802882086,127.04518475011572
280,서울특별시 용산구 이촌동 436,래미안첼리투스아파트,37.51730009092861,126.9800034024905
281,서울특별시 노원구 월계동 939,월계흥화브라운빌아파트,37.63161180463315,127.04396510082675
282,서울특별시 은평구 수색동 415-1,대림한숲타운아파트,37.5868453324905,126.90002144817922
283,서울특별시 강남구 청담동 134-38,청담자이아파트,37.52360216335555,127.05719611767924
284,서울특별시 노원구 상계동 1068,상계중앙하이츠5차아파트,37.67219429527272,127.0518011432971
285,서울특별시 강남구 신사동 540-2,대성아파트,37.51950221644594,127.02439977840417
286,서울특별시 마포구 상수동 398,래미안밤섬리베뉴II아파트,37.54687895701406,126.92707491451532
287,서울특별시 강동구 암사동 508,삼성광나루아파트,37.55403745044372,127.12710031436973
288,서울특별시 도봉구 방학동 444-31,대원그린아파트,37.662837530526716,127.02810737677862
289,서울특별시 도봉구 창동 621-69,창동한신휴플러스아파트,37.64572784247843,127.03496299345855
290,서울특별시 구로구 구로동 106-2,대림역포스큐오피스텔,37.49817003247293,126.89199980209521
291,서울특별시 도봉구 쌍문동 59-5,한양6차아파트,37.6558925691182,127.028911637153
292,서울특별시 양천구 목동 908-34,부영그린타운3차아파트,37.5367299030849,126.882202430707
293,서울특별시 성북구 종암동 33-45,중앙드림빌아파트,37.593070905834864,127.03360222628903
294,서울특별시 영등포구 신길동 4312,대방아파트,37.498027606171505,126.91763674075541
295,서울특별시 도봉구 창동 814,대우그린아파트,37.646389340456004,127.0495623175934
296,서울특별시 은평구  갈현로3나길 23,역촌센트레빌아파트,37.6031149300734,126.90598810032333
297,서울 서초구 방배동  752-36,방배아크로리버오피스텔,37.4977777949445,126.984529798289
298,서울특별시 양천구 신정동 881-6,청우아파트,37.528827085241,126.859800939122
299,서울특별시 양천구 목동 904,목동신시가지4단지아파트,37.5318601573647,126.871140703227
300,서울특별시 동작구 상도동 283-68,파크뷰아파트,37.49422878854029,126.93630265266323
301,서울특별시 강동구 천호동 47-24,천호우림루미아트1차아파트,37.544119453670014,127.13969359633668
302,서울특별시 서초구 잠원동 58-16,신반포10차아파트,37.512608525630704,127.01400284994098
303,서울특별시 서초구 서초동 1471-15,엘리제아파트,37.48115567721287,127.01018455421102
304,서울특별시 서대문구 홍은동 393-1,,,
305,서울특별시 동대문구 장안동 372-16,,,
306,서울특별시 송파구 잠실동 86,아시아선수촌아파트,37.507445132763934,127.07668689556418
307,서울특별시 강서구 등촌동 715,등촌아이파크아파트,37.54391753935604,126.86022983444474
308,서울특별시 송파구 가락동 95-1,가락금호아파트,37.496362781444354,127.11636355547823
309,서울특별시 마포구  창전로 26,서강GS아파트,37.54407028988868,126.93115579757755
310,서울특별시 동대문구 장안동 373-3,현대썬앤빌601오피스텔,37.56917985785712,127.06940045086561
311,서울특별시 동대문구 장안동 365-5,,,
312,서울특별시 서대문구 홍은동 455,홍은벽산아파트,37.59537653648853,126.94481890509356
313,서울특별시 강남구 청담동 69-18,청담동양파라곤아파트,37.52164289524498,127.05441633918709
314,서울특별시 강동구 암사동 466-3,동진아파트,37.55359376564636,127.13076175764434
315,서울특별시 송파구 가락동 80,성원상떼빌아파트,37.495064853896295,127.12043702114713
316,서울특별시 강동구 암사동 442-1,한강현대아파트,37.555499109211,127.13181080868
317,서울특별시 양천구  목동서로 340,목동신시가지9단지아파트,37.51896494890338,126.86463143900782
318,서울특별시 중랑구 면목동 1510,면목두산2단지아파트,37.58055114629927,127.0835590232765
319,서울특별시 동대문구 회기동 346-18,회기역베라체캠퍼스아파트,37.590817105663,127.056056369056
320,서울특별시 중랑구 신내동 616-1,월드크라운아파트,37.60881411924274,127.09682324495931
321,서울특별시 강서구 화곡동 1145,우장산롯데캐슬아파트,37.555186577852744,126.84804044324358
322,서울특별시 광진구 자양동 811,광진하나플러스아파트,37.52954915955134,127.07572751467991
323,서울특별시 양천구 목동 954,목동웨스트빌아파트(102동),37.54012180358096,126.86902642057385
324,서울특별시 영등포구 대림동 762-1,,,
325,서울특별시 양천구 신정동 911-11,예지아파트,37.52668450197269,126.85828900966759
326,서울특별시 노원구 공릉동 714,공릉삼익4단지아파트,37.62987899077585,127.07192762451872
327,서울 관악구 봉천동  1718,봉천벽산블루밍1차아파트,37.48994503623179,126.94451210283677
328,서울특별시 서초구 양재동 219-2,,,
329,서울특별시 중구 중림동 149,성요셉아파트,37.559554148223,126.967232251279
330,서울특별시 금천구 독산동 1002,진도아파트,37.467789547047786,126.89070737746016
331,서울특별시 강북구 번동 242,번동주공1단지아파트,37.6249505081745,127.04708766769457
332,서울특별시 노원구 상계동 135,한신1차아파트,37.666082443296055,127.0686665870375
333,서울특별시 성북구 안암동3가 136-1,대광아파트,37.58236566101433,127.02492068628948
334,서울특별시 종로구 내수동 95,파크팰리스아파트,37.57417999055894,126.97056302990757
335,서울특별시 강남구 도곡동 970,도곡아이파크3차아파트,37.489843894762735,127.03781204801125
336,서울 마포구 상암동  1660,상암월드컵파크7단지아파트,37.58186636823441,126.88234419151644
337,서울특별시 영등포구 대림동 695,우성2차아파트,37.49562813896592,126.90001199928136
338,서울특별시 광진구 자양동 856,이튼타워리버5차아파트,37.532184186373826,127.06903239883214
339,서울특별시 서초구 서초동 1446-11,현대슈퍼빌오피스텔,37.483572351414445,127.01663749353686
340,서울특별시 동대문구 장안동 329-2,장안힐스테이트아파트,37.575965207219284,127.07534884553698
341,서울특별시 관악구 봉천동 1712,관악드림타운아파트,37.49020798172745,126.95024706445757
342,서울특별시 강남구 도곡동 969,도곡아이파크2차아파트,37.48918097834945,127.0371016135195
343,서울 강서구 등촌동  694,등촌대림아파트,37.56234221190834,126.8465862142214
344,서울특별시 영등포구 문래동3가 99,예지팰리스77차아파트,37.5202257683701,126.892056254232
345,서울특별시 강북구 미아동 198-36,그린힐빌라트,37.627154813024205,127.02873284486026
346,서울특별시 서초구 반포동 88-4,아르드빌아파트,37.49516948281842,126.99848130421198
347,서울 관악구 신림동  1735,관악산휴먼시아2단지아파트,37.45903694158076,126.91968237692367
348,서울특별시 강동구 성내동 448-17,인택스파크뷰아파트,37.5234078573992,127.130506562534
349,서울특별시 구로구 개봉동 492,개봉푸르지오아파트,37.5004094376531,126.84813342649245
350,서울특별시 양천구 목동 911,목동신시가지6단지아파트,37.53466020821636,126.88484415480873
351,서울특별시 송파구 방이동 215,,,
352,서울특별시 동작구 신대방동 565,신대방우성아파트,37.49226761995813,126.9116092277599
353,서울특별시 구로구 신도림동 692,디큐브시티아파트,37.508082186005744,126.88833346754832
354,서울특별시 은평구 진관동 13,상림마을은평뉴타운3단지아이파크아파트,37.6460406796935,126.9263254069071
355,서울특별시 강서구 화곡동 919-1,유림노르웨이숲아파트,37.53009333471815,126.8435727557954
356,서울특별시 성북구 삼선동2가 420,삼선현대힐스테이트아파트,37.58212965891609,127.01348602033976
357,서울특별시 강북구 번동 656,금호아파트,37.63060557546366,127.03541811977244
358,서울특별시 관악구 신림동 739,뉴서울아파트,37.47052049657024,126.91110579013908
359,서울특별시 강서구 가양동 1474,대림경동아파트,37.566348466387105,126.85403041152964
360,서울특별시 서초구 방배동 980-48,,,
361,서울특별시 강서구 방화동 819,방화개화아파트,37.580922012409395,126.8125392799824
362,서울특별시 강남구 대치동 66,대치쌍용1차아파트,37.49808170349893,127.07121749332481
363,서울특별시 도봉구 도봉동 87,삼환도봉아파트,37.68105938754384,127.04884624191709
364,서울특별시 동작구 사당동 105,사당우성3단지아파트,37.489968222241146,126.9758981714037
365,서울특별시 강동구 길동 414-4,강동와이시티오피스텔,37.53657528822511,127.13747433111482
366,서울특별시 도봉구 창동 731-54,새로움아파트,37.657188424559,127.0403582277295
367,서울특별시 중랑구 신내동 801,영풍마드레빌아파트,37.60560022572965,127.10013954725069
368,서울 송파구 거여동  28,쌍용스윗닷홈거여역1차아파트,37.49202257965666,127.14639020980853
369,서울특별시 동작구 상도동 414,건영아파트,37.50716742257615,126.94977549248303
370,서울특별시 관악구 봉천동 1708,"봉천두산1,2단지아파트",37.4845274045932,126.94289247795973
371,서울특별시 도봉구 방학동 734-1,,,
372,서울특별시 성동구 성수동2가 286,성수우방2차아파트,37.54836235311854,127.05178322508115
373,서울특별시 강북구 미아동 1354,벽산라이브파크아파트,37.6208003962173,127.011390667734
374,서울특별시 도봉구 창동 607-4,보람오피스텔,37.64314305358211,127.04019879746198
375,서울특별시 성북구 정릉동 435,중앙하이츠빌2단지아파트,37.60377540136136,127.01039150184097
376,서울특별시 서초구 서초동 1506-47,신구블레스벨리아파트,37.48792516348864,127.00736321062273
377,서울특별시 마포구 염리동 521,마포자이1차아파트,37.54332439933669,126.94518317896495
378,서울특별시 강서구 염창동 268,관음삼성아파트,37.55272507043058,126.86911753741505
379,서울특별시 구로구 개봉동 270-80,거성아파트,37.48908573750681,126.85107816189797
380,서울특별시 금천구 시흥동 1006,벽산타운3단지아파트,37.453099750441275,126.91776288312363
381,서울특별시 구로구 구로동  752-34,,,
382,서울특별시 영등포구 여의도동 21-2,공작아파트,37.52651802289671,126.92983700143965
383,서울특별시 중랑구 면목동 1513,삼호아파트,37.57642103152444,127.08844939482118
384,서울특별시 노원구 상계동 1128,극동늘푸른아파트,37.67735437849277,127.0572685990088
385,서울특별시 강서구 방화동 852,방화도시개발12단지아파트,37.57088920087895,126.80679480031297
386,서울특별시 중랑구 신내동 816,신내우디안1단지아파트,37.616810351012596,127.10629361016375
387,서울특별시 마포구 망원동 412-19,뉴서울아파트,37.55590103899917,126.90709883219391
388,서울특별시 강동구 길동 400,길동우성아파트,37.5371898887801,127.14417481462475
389,서울특별시 강동구 암사동 414-2,강동롯데캐슬퍼스트아파트,37.55662489972904,127.1430397571237
390,서울특별시 강서구 화곡동 925-5,풍원팰리스오피스텔,37.529393873932,126.842680458901
391,서울특별시 노원구 상계동 1269,수락파크빌아파트,37.6792898009038,127.05702069207817
392,서울특별시 송파구 가락동 192,극동아파트,37.49569686079808,127.13267814649176
393,서울특별시 구로구 구로동 1265,구로두산아파트,37.48934033417104,126.88926030675862
394,서울특별시 양천구 목동 769-19,에이스아파트,37.53541313643856,126.86737371672054
395,서울특별시 양천구 신정동 980-5,은행아파트,37.52249725736083,126.85879919795394
396,서울특별시 양천구 목동 912,목동신시가지5단지아파트,37.53394405537617,126.8822475432879
397,서울특별시 노원구 중계동 366,라이프청구신동아아파트,37.6519374206869,127.079523177081
398,서울특별시 강서구 방화동 871,마곡서광2차아파트,37.57202084074539,126.81068250153007
399,서울특별시 성동구 성수동1가 685-696,갤러리아포레아파트,37.54578380383026,127.04247979310725
400,서울특별시 송파구 잠실동 22,리센츠아파트,37.51275285867244,127.0884194493474
401,서울특별시 강남구 개포동 177,현대3차아파트,37.48800349249797,127.06072393382408
402,서울특별시 노원구 상계동 1285,동아불암아파트,37.66695847254833,127.07968881291585
403,서울특별시 영등포구 영등포동3가 19-2,,,
404,서울특별시 송파구 문정동 618,송파파크하비오푸르지오오피스텔,37.479710760368675,127.12480132351254
405,서울특별시 강서구 방화동 647-20,신라힐아파트,37.56757576037445,126.80760135920012
406,서울특별시 양천구 신정동 336,신정청구아파트,37.51904910680163,126.87561507272963
407,서울특별시 노원구 공릉동 81,태강아파트,37.62349981430436,127.08318568498655
408,서울특별시 구로구 고척동 321,우성꿈동산아파트,37.50333980864576,126.8662723834787
409,서울특별시 용산구 이촌동 435,보람더하임아파트,37.520270965498405,126.96876977330633
410,서울특별시 서초구 방배동 800-5,다움샤인힐7차아파트,37.49316019592449,126.99652846525268
411,서울특별시 강서구 화곡동 1111-3,경동엠파이어스테이트오피스텔,37.554302147229905,126.85185951468262
412,서울특별시 도봉구 창동 443-1,,,
413,서울 강남구 역삼동  747-1,조이너스아파트,37.4958591701462,127.037335607085
414,서울특별시 강남구 삼성동 108-1,아셈아파트,37.51510147913173,127.06199916832665
415,서울특별시 구로구 신도림동 643,신도림동아1차아파트,37.5110412809749,126.88295312076426
416,서울특별시 서대문구 연희동 194-30,브라운스톤연희오피스텔,37.565269295876924,126.930191172111
417,서울특별시 노원구 상계동 1318,노원아이파크아파트,37.65978249602079,127.06915944285508
418,서울특별시 송파구 가락동 79,송파롯데캐슬파인힐아파트,37.49441856684362,127.12157584121059
419,서울특별시 강동구 성내동 513,중앙아파트,37.53138996400037,127.13038357357367
420,서울특별시 동대문구  전농로 192,전농삼성아파트,37.58192993211799,127.05559232273221
421,서울특별시 동대문구 답십리동 10,동아아파트,37.569341802916576,127.06170904439826
422,서울특별시 양천구 신월동 1055,신정뉴타운두산위브아파트,37.51915072198694,126.84566566865895
423,서울특별시 양천구  신정로 300,신정현대5차아파트,37.5125701496443,126.854460962526
424,서울특별시 양천구 신월동 529-2,세제뉴타운아파트,37.51981166952254,126.84129337354256
425,서울특별시 영등포구 대림동 778-43,아네스트아파트,37.49853007255367,126.89459124570745
426,서울특별시 중랑구 면목동 581,대원칸타빌아파트,37.578322419455034,127.09044410360676
427,서울특별시 구로구 고척동 141-1,서울가든아파트,37.50254753855083,126.86056936646122
428,서울특별시 성북구 정릉동 1028,정릉e편한세상1차아파트,37.61519635910985,127.01020280769085
429,서울특별시 영등포구 신길동 4945,래미안프레비뉴아파트,37.50490147161546,126.9079967200798
430,서울특별시 노원구  공릉로 213,,,
431,서울특별시 성북구 종암동 134,래미안라센트아파트,37.599480756187695,127.03883000318879
432,서울특별시 은평구 녹번동 83-18,굿모닝기룡오피스텔,37.60285239140804,126.92716073507678
433,서울특별시 성동구 홍익동 53,청계대주파크빌아파트,37.56747247983817,127.03138575255244
434,서울특별시 노원구 중계동 363-1,중계주공7단지아파트,37.647097242443294,127.07966758849484
435,서울특별시 성동구 성수동2가 846,E-아름다운세상아파트,37.54776878074889,127.06084027970643
436,서울특별시 용산구 한강로3가 91,한강로우림필유아파트,37.525432807212,126.95982145971078
437,서울특별시 용산구 효창동 5-145,효창한신아파트,37.54153462470402,126.9573370480064
438,서울특별시 영등포구 대림동 785,현대1차아파트,37.502226220973064,126.89484163980391
439,서울특별시 노원구 하계동 271-3,극동.건영.벽산아파트,37.63544431077244,127.06423915535755
440,서울특별시 강남구 삼성동 55,,,
441,서울특별시 광진구 자양동 643-19,기산빌라트,37.5280260148759,127.08049787802847
442,서울특별시 서대문구 홍은동 277-145,교수아파트,37.582494212086054,126.93438100167947
443,서울특별시 마포구 신공덕동 161,신공덕삼성래미안3차아파트,37.54547723784517,126.9568957471628
444,서울특별시 서초구 반포동 70-1,한신서래아파트,37.49910148189759,127.00088661200806
445,서울특별시 구로구 오류동 338,동부골든아파트,37.49929163228453,126.83953192156004
446,서울특별시 구로구  고척로60길 20-9,,,
447,서울특별시 강동구 성내동 542,집앤사베니아파트,37.5280819486058,127.127486163531
448,서울특별시 양천구 신정동 327,목동신시가지13단지아파트,37.5151104149728,126.866174467076
449,서울특별시 서대문구 홍제동 460,인왕산현대아파트,37.5858035508961,126.95107567717
450,서울특별시 노원구 상계동 751-1,,,
451,서울특별시 강서구 방화동 831,방화4단지아파트,37.577000642372525,126.8146637956922
452,서울특별시 은평구 불광동 480-323,,,
453,서울특별시 광진구 중곡동 681,성원아파트,37.57118352927509,127.07961835202246
454,서울특별시 성북구 정릉동 1016,정릉우방아파트,37.60034085229872,127.01008300772418
455,서울특별시 금천구 독산동 1133,진도2차아파트,37.47001102518929,126.89221893785272
456,서울특별시 노원구 공릉동 748,공릉신도1차아파트,37.62754480203334,127.06998597760035
457,서울특별시 서대문구 홍제동 247-19,홍일아파트,37.58994573154519,126.94562455181551
458,서울특별시 영등포구 영등포동1가 75-4,메트로가든오피스텔,37.5177494284636,126.91347953514
459,서울특별시 서초구 잠원동 55-12,신반포16차아파트,37.51747344151794,127.01012274950614
460,서울특별시 동작구 신대방동 395-66,보라매삼성쉐르빌아파트,37.49143609225211,126.92336565906398
461,서울특별시 송파구 장지동 857,송파파인타운13단지아파트,37.476894905667905,127.1291809029229
462,서울 강서구 화곡동  1091,화곡푸르지오아파트,37.544622377545736,126.83144140674757
463,서울특별시 강서구 방화동 841,장미아파트,37.57429846387405,126.8174914797613
464,서울특별시 강남구 개포동 187,개포주공5단지아파트,37.487626247190015,127.0684576812334
465,서울특별시 은평구 진관동 140,은평뉴타운폭포동힐스테이트아파트,37.62894867665083,126.93336480019772
466,서울특별시 강남구 도곡동 527,도곡렉슬아파트,37.49377988299789,127.05114053767764
467,서울특별시 광진구 자양동 789,자양8차현대홈타운아파트,37.53348704296825,127.0720340763108
468,서울특별시 성동구 행당동 344,신동아아파트,37.55437159182884,127.03283790932718
469,서울특별시 송파구 거여동 362,현대1차아파트,37.49287963162806,127.1410455172596
470,서울특별시 강동구 명일동 42,명일우성아파트,37.5511352619284,127.15229535799152
471,서울특별시 관악구 봉천동 1727,관악한일유앤아이아파트,37.486898715833526,126.95057037758001
472,서울특별시 구로구 구로동 106-10,순영웰라이빌1차오피스텔,37.498004825505134,126.89164720995481
473,서울특별시 용산구 이촌동 193-5,강서맨션,37.52329825819343,126.95960314236872
474,서울특별시 구로구 구로동  807-23,,,
475,서울특별시 강북구 미아동 1369,꿈의숲해링턴플레이스아파트,37.61878583148684,127.0343885577369
476,서울특별시 구로구 구로동 1261,신도림일신건영아파트,37.503662987064956,126.88574677929067
477,서울특별시 성북구 삼선동3가 23,제일아파트,37.588115845772066,127.01358447191726
478,서울특별시 서대문구 연희동 105-4,은하아파트,37.57257218684978,126.92773359243313
479,서울특별시 마포구 대흥동 660,대흥동태영아파트,37.54473232045174,126.94257048117983
480,서울특별시 관악구 봉천동 1001,,,
481,서울특별시 은평구  갈현로15길 53,경향파크아파트,37.61057133798696,126.90576126224971
482,서울특별시 성동구 옥수동 428,옥수극동아파트,37.543277993087,127.01154746373398
483,서울특별시 관악구 봉천동 1728,관악파크푸르지오아파트,37.48272925507542,126.9613254706078
484,서울특별시 강동구 천호동 52-6,천호2차이룸아파트,37.542263065215465,127.13997301598556
485,서울특별시 강서구 방화동 796,신동아아파트,37.570101055240734,126.81595773739299
486,서울특별시 영등포구 여의도동 38-1,,,
487,서울특별시 구로구  고척로 49,동부골든아파트,37.49929163228453,126.83953192156004
488,서울특별시 중랑구 묵동 13,신내4단지아파트,37.61586212598735,127.08447745598109
489,서울특별시 성동구  마장로 271,마장동삼성아파트,37.56616158609928,127.04012796420663
490,서울특별시 서대문구 북아현동 189-22,북아현3차아파트,37.56473511590216,126.95210248599413
491,서울특별시 강서구 화곡동 351-89,중앙하이츠아파트,37.53571572533554,126.84368547031293
492,서울특별시 서대문구 홍은동 277-108,올림푸스아파트,37.58216582274229,126.93361596480328
493,서울특별시 광진구 군자동 99,일성파크아파트,37.55126880566098,127.07262607480259
494,서울특별시 구로구  개봉로15길 84-15,개봉진로아파트,37.49051629325129,126.85088535546714
495,서울특별시 은평구 수색동 416-1,수색진흥엣세벨아파트,37.5853715400978,126.90029514394867
496,서울특별시 강서구 화곡동 354-23,,,
497,서울특별시 송파구 방이동 169-1,대원맘모스아파트,37.5136373757244,127.119444343814
498,서울특별시 성동구 금호동4가 1553,힐스테이트서울숲리버아파트,37.54667682397977,127.02664354487428
499,서울특별시 강서구 화곡동 894-1,산내들아파트,37.5301689161864,126.84903249539
500,서울특별시 용산구 한남동 726-74,남산맨션,37.54431740064369,127.00148913995884
501,서울특별시 중랑구 망우동 583,중랑숲리가아파트,37.60235608221786,127.1049548774998
502,서울특별시 중구 충무로5가 36-2,충무로엘크루메트로시티II오피스텔,37.56330143539773,127.00026711716394
503,서울특별시 송파구 잠실동 40,갤러리아팰리스아파트,37.51110518261132,127.09391899789956
504,서울특별시 관악구 신림동 1714,삼성산뜨란채아파트,37.46250824198555,126.92613059359044
505,서울특별시 은평구 녹번동 279-1,해주드림빌아파트,37.60380485377703,126.9230829305137
506,서울특별시 강북구 번동 118-15,성금수림채아파트,37.62406820346464,127.04539701381348
507,서울특별시 중구 신당동 432-904,,,
508,서울특별시 노원구 공릉동 106,공릉해링턴플레이스아파트,37.627602111566674,127.08679264474586
509,서울특별시 동대문구 장안동 378-3,공감대아파트,37.567399733963946,127.06742587284535
510,서울특별시 은평구 불광동 248,미성아파트,37.61492995473932,126.92830877340641
511,서울특별시 노원구 상계동 624,상계주공16단지아파트,37.669207204256615,127.05257548624667
512,서울특별시 송파구 거여동 293,거여4단지아파트,37.48923620803513,127.14382931557779
513,서울특별시 은평구 불광동 645,불광롯데캐슬아파트,37.612912834261756,126.93324546400952
514,서울특별시 송파구 잠실동 44,레이크팰리스아파트,37.50926684745007,127.09427862597954
515,서울특별시 구로구 구로동 110-4,도림두산베어스타워오피스텔,37.50101503078915,126.88964114783408
516,서울특별시 강남구 삼성동 11,롯데캐슬프레미어아파트,37.515271211540906,127.04538645409791
517,서울특별시 송파구 가락동 55,가락현대6차아파트,37.4972250175879,127.12262529956134
518,서울특별시 구로구 구로동 797-9,,,
519,서울특별시 은평구 응암동 96-41,레반트아파트,37.60051991121685,126.92600794505233
520,서울특별시 종로구 사직동 9-1,광화문풍림스페이스본2단지아파트,37.573548563330725,126.96776495612137
521,서울특별시 서초구 양재동 382,선경아파트,37.47058448875404,127.04634743751559
522,서울특별시 성동구 마장동 822,마장신성미소지움아파트,37.56892817949718,127.04369278746428
523,서울특별시 금천구 시흥동 5-13,삼익아파트,37.46327871273526,126.90944597880508
524,서울특별시 성북구 석관동 10,두산아파트,37.61265403293098,127.06870350882149
525,서울특별시 서초구 반포동 48-2,대성유니드아파트,37.50018589742766,127.00971216075075
526,서울특별시 도봉구  방학로11길 10,,,
527,서울특별시 은평구 진관동 12,상림마을은평뉴타운10단지아이파크아파트,37.6447938671945,126.92802626967777
528,서울특별시 서초구 서초동 1754,래미안서초에스티지S아파트,37.49333739191532,127.02687336071624
529,서울특별시 양천구 목동 950,목동이편한세상아파트,37.539140855323375,126.87170749602872
530,서울특별시 송파구 가락동 97-8,이연파레스아파트,37.494865068199594,127.11841932076483
531,서울특별시 도봉구 도봉동 601-14,,,
532,서울특별시 강서구 내발산동 749,마곡수명산파크5단지아파트,37.55140212822092,126.82690398173058
533,서울특별시 용산구 한남동 1-44,힐탑트레져아파트,37.538467322585014,127.01371802601679
534,서울특별시 성북구 돈암동 603,돈암더샵아파트,37.597677470823655,127.01067601171005
535,서울특별시 강남구 논현동 228-9,토미빌아파트,37.509059961836066,127.0338224067829
536,서울특별시 구로구 개봉동 481,현대1단지아파트,37.49207898790344,126.85849463174304
537,서울특별시 도봉구 도봉동 30-1,도봉한신아파트,37.68669283179385,127.04754842018184
538,서울특별시 중랑구 신내동 618,동성3차아파트,37.60852627362763,127.0962475430556
539,서울특별시 강북구 미아동 152,미아요진아파트,37.63345491448717,127.0270132388054
540,서울특별시 노원구 상계동 463,상계신동아아파트,37.66740214014491,127.06752077049435
541,서울특별시 구로구 구로동 440,보광아파트,37.49532355240305,126.88603088285335
542,서울특별시 강서구 방화동 863,마곡현대2차아파트,37.5730322811952,126.81906125520773
543,서울특별시 노원구 상계동 685,,,
544,서울특별시 동대문구 장안동 564,장안신일해피트리1차아파트,37.565416475213894,127.06282863541648
545,서울특별시 강동구 둔촌동 426,세양청마루아파트,37.533295592100245,127.1405830492809
546,서울특별시 강서구 화곡동 1155,탑건진선미아파트,37.53624513505396,126.84614185784604
547,서울특별시 구로구 오류동 342,영풍마드레빌아파트,37.49145188155388,126.83879786603394
548,서울특별시 중랑구 신내동 437,벽산아파트,37.60314602448667,127.10002754172623
549,서울특별시 강남구 청담동 134-21,,,
550,서울특별시 영등포구 당산동5가 42,당산삼성래미안4차아파트,37.53293204452245,126.90283595709072
551,서울특별시 양천구 신정동 1308,동원로데오아파트,37.52874407081607,126.86276517689505
552,서울특별시 양천구 목동 549,목동금호베스트빌아파트,37.54499728604307,126.86837515692761
553,서울특별시 동대문구 장안동 336,장안현대홈타운1차아파트,37.5700227869319,127.074496157311
554,서울특별시 강동구 성내동 446-11,동남아파트,37.52444497977686,127.1304438870679
555,서울특별시 동작구 본동 492,본동삼성래미안아파트,37.50989217282603,126.95003946254063
556,서울특별시 광진구 자양동 663-21,YM프라젠스파아파트,37.530905768754074,127.08415527327772
557,서울특별시 노원구 중계동 360-2,청구3차아파트,37.649828902680255,127.07433103763513
558,서울특별시 동대문구 장안동 346-9,장안애캐슬오피스텔,37.56858806667942,127.07064502716668
559,서울특별시 양천구 신월동 12-4,수명아파트,37.5409291354123,126.82704587353
560,서울특별시 양천구 신정동 329,목동신시가지14단지아파트,37.5152221722599,126.87272574413
561,서울특별시 성동구 금호동2가 1,신금호파크자이아파트,37.55540086629908,127.01899726814243
562,서울특별시 구로구  고척로 85,거성푸르뫼아파트,37.50092956545321,126.84349112186075
563,서울특별시 서대문구 충정로3가 477,충림예하임아파트,37.56260900686094,126.96277145644211
564,서울특별시 강서구 마곡동 750,마곡엠밸리14단지아파트,37.558050916577436,126.82408180904882
565,서울특별시 강서구 등촌동 701,미주진로아파트,37.55983801962357,126.84703048681558
566,서울특별시 강동구 길동 143-4,서한베네치아아파트,37.53687721877203,127.14566207195371
567,서울특별시 영등포구 문래동4가 67,리버뷰신안인스빌1단지아파트,37.514075827039676,126.888505515362
568,서울특별시 구로구 구로동 103-1,성일오피스텔,37.496135840920665,126.88938145043986
569,서울특별시 송파구 가락동 198-13,,,
570,서울특별시 송파구 가락동 140,가락쌍용1차아파트,37.49556859511541,127.1280720545949
571,서울특별시 양천구  목동서로 100,목동신시가지3단지아파트,37.533948987744026,126.87309218221968
572,서울특별시 성동구 응봉동 275,신동아아파트,37.550253109685286,127.02949998343615
573,서울특별시 서대문구 홍은동 456,두산위브아파트,37.57917701046549,126.93165783430692
574,서울특별시 서초구 방배동 755-14,방배리첸시아아파트,37.49728058807682,126.98571051367938
575,서울특별시 중랑구 면목동 1543,한양수자인사가정파크아파트,37.57949000687921,127.0940319992992
576,서울특별시 성동구 금호동1가 633,벽산아파트,37.5524558119104,127.026716898361
577,서울특별시 서초구 방배동 881-26,방배2차e편한세상아파트,37.48988684384297,126.9968079104466
578,서울특별시 구로구 구로동 1280,한신휴플러스아파트,37.48850923587122,126.8907993161222
579,서울특별시 강서구 가양동 1461,가양성지2단지아파트,37.57041674787212,126.84714016116638
580,서울특별시 구로구 개봉동 470,삼환아파트,37.494755469491736,126.8544503066192
581,서울특별시 양천구 목동 928,건영아파트,37.54187744479869,126.87277549533542
582,서울특별시 영등포구 영등포동2가 94-314,두리하임아파트,37.52238308251924,126.91078411111785
583,서울특별시 양천구 신월동 1044,정은스카이빌1차아파트,37.5204870579851,126.839690157891
584,서울특별시 노원구 공릉동 370-4,신원아파트,37.62775789915253,127.07509296994675
585,서울특별시 강남구 압구정동 489,한양3차아파트,37.52915641432131,127.03816675906687
586,서울특별시 은평구 진관동 84,은평뉴타운우물골아파트(두산위브7단지),37.6355766628199,126.927808571598
587,서울특별시 구로구 구로동 1263,신도림롯데아파트,37.503499308748616,126.88420893889264
588,서울 은평구 녹번동  279-1,해주드림빌아파트,37.60380485377703,126.9230829305137
589,서울특별시 강서구 화곡동 926-5,한양아이클래스오피스텔,37.52885047447924,126.84193379067624
590,서울특별시 중구 신당동 432-2013,,,
591,서울특별시 은평구 역촌동 35-42,,,
592,서울특별시 동작구 대방동 509,보라매코오롱하늘채아파트,37.49853226039266,126.9231186626358
593,서울특별시 서초구 방배동 841-2,,,
594,서울특별시 강북구 미아동 8-87,스카이빌아파트,37.61578861222446,127.03899931774002
595,서울특별시 성동구 옥수동 100,옥수하이츠아파트,37.540023930362445,127.01624382013225
596,서울특별시 강서구 화곡동 938-26,,,
597,서울특별시 서초구 잠원동 58-22,신반포17차아파트,37.510766844149416,127.01424229031404
598,서울특별시 노원구  공릉로 206,,,
599,서울특별시 은평구 대조동 6-19,미래하임아파트(6-19번지),37.61102668384194,126.92799992967004
600,서울특별시 서대문구 남가좌동 376,남가좌현대아파트,37.5748720882277,126.9202135771335
601,서울특별시 종로구 평창동 66-1,엘리시아아파트,37.60968749956977,126.97592188163308
602,서울특별시 동대문구 휘경동 365,휘경동일하이빌아파트,37.582345533896465,127.07329930847095
603,서울특별시 강북구 수유동 63,삼호아파트,37.63169695199485,127.02345079988356
604,서울특별시 노원구 월계동 775,월계대우아파트,37.633187347741604,127.05135261146722
605,서울특별시 성북구  종암로24가길 53,종암에스케이아파트(104-5),37.60016134229,127.037788539252
606,서울특별시 강남구 일원동 731,한솔아파트,37.4819631393229,127.078998975513
607,서울특별시 양천구 신월동 98-9,,,
608,서울특별시 용산구 한남동 810,한남더힐아파트,37.537020736325246,127.0094295463928
609,서울특별시 구로구  개봉로20길 6,현대1단지아파트,37.49207898790344,126.85849463174304
610,서울특별시 중구 인현동2가 192-30,신성상가아파트,37.5637572654471,126.995807593206
611,서울특별시 성북구 정릉동 1021,정릉대우아파트,37.61802224972315,127.00342522848163
612,서울특별시 서대문구 대현동 101-7,혜우아파트,37.55763850929745,126.94317173146912
613,서울특별시 강동구 둔촌동 518-1,그랜드아파트,37.52886183634414,127.13823513541895
614,서울특별시 강서구 염창동 245-1,이너스내안에아파트(201동),37.55406906512347,126.87048569022217
615,서울특별시 관악구 남현동 1066-13,관악산센텀아파트,37.4748991777834,126.977561481002
616,서울특별시 도봉구 쌍문동 73,경남아파트,37.6548060942959,127.03514403506304
617,서울특별시 송파구 신천동 20-4,잠실진주주택재건축아파트 (예정),37.518605916138405,127.11165845801094
618,서울특별시 양천구 신월동 48-13,신라이프아파트,37.5356790152931,126.825211499934
619,서울특별시 노원구 월계동 781,청백4단지아파트,37.63169155546426,127.05170957501532
620,서울특별시 서초구 방배동 482-4,청광아트빌14차아파트,37.475339625517044,126.98940924623963
621,서울특별시 서대문구 충정로3가 189-9,,,
622,서울특별시 은평구 역촌동 10-28,,,
623,서울특별시 관악구 신림동 1693,국제산장아파트,37.460826206133056,126.92783674932998
624,서울특별시 용산구 원효로4가 110-1,,,
625,서울특별시 강서구 화곡동 1050-8,,,
626,서울 강남구 역삼동  713-7,래미안펜타빌아파트,37.500699316696824,127.04753427154562
627,서울특별시 양천구 신월동 134-17,태형아파트,37.53276676630968,126.83252254697015
628,서울특별시 송파구 방이동 51,효성올림픽카운티아파트,37.51492170910598,127.11448755744435
629,서울특별시 강서구 화곡동 1165,강서힐스테이트아파트,37.54725631378638,126.84075879877204
630,서울특별시 영등포구 신길동 4934,신길삼성래미안아파트,37.5058213977699,126.915221445825
631,서울특별시 종로구 평창동 108,평창롯데캐슬로잔아파트,37.60997971216521,126.97739864484937
632,서울특별시 성동구 용답동 252,덕현해밀아파트,37.564631957390155,127.05314820404641
633,서울특별시 구로구 구로동 685-222,구로주공1차아파트,37.4943656749447,126.87608007420836
634,서울특별시 강남구 청담동 130-7,,,
635,서울특별시 양천구 목동 907-12,부영그린타운1차아파트,37.5361979979381,126.880098785296
636,서울특별시 은평구  증산서길 130,자선메르시안아파트(162-18번지),37.5864214150359,126.910696415324
637,서울특별시 강남구 청담동 104-5,,,
638,서울특별시 송파구 가락동 29-16,쌍용노블레스아파트,37.50035360755063,127.12320491329999
639,서울특별시 용산구 이촌동 400,현대한강아파트,37.52317892558407,126.95844933588145
640,서울특별시 중구 회현동1가 146-1,삼풍아파트,37.556227315646396,126.98252132434325
641,서울특별시 성북구 돈암동 524,돈암일신건영휴먼빌아파트,37.60073345234299,127.01250643782338
642,서울특별시 강동구 암사동 672,효정하나플러스아파트,37.551427438799784,127.13426615607541
643,서울특별시 성북구 동선동1가 121-6,코아루센타시아오피스텔,37.59304800415842,127.01916535630008
644,서울특별시 강북구 번동 657,번동동문아파트,37.62395906363404,127.03809736871261
645,서울특별시 노원구 월계동 12,월계삼호4차아파트,37.62652099026391,127.06415784234937
646,서울특별시 은평구 진관동 2,상림마을은평뉴타운7단지푸르지오아파트,37.64916586252664,126.93177165727475
647,서울특별시 성동구 옥수동 561,래미안옥수리버젠아파트,37.5449806355556,127.01383916640965
648,서울특별시 강남구 대치동 511,"한보미도맨션1,2차아파트",37.4933933298452,127.067352502571
649,서울특별시 강서구 마곡동 741,마곡엠밸리8단지아파트,37.563900335238614,126.82000015033874
650,서울특별시 은평구 증산동 244,DMC우방아파트,37.581654363551856,126.9028406004784
651,서울 동작구 신대방동  721,,,
652,서울특별시 노원구  월계로45가길 89,,,
653,서울특별시 은평구 갈현동 539,한솔아파트,37.618034779662075,126.90993370211308
654,서울특별시 노원구 상계동 1255,은빛1단지아파트,37.6810968943773,127.05375719325038
655,서울특별시 도봉구 방학동 507,우성1차아파트,37.657955145569474,127.02386250683656
656,서울특별시 서대문구 홍제동 331,홍제현대아파트,37.588995865757944,126.9413997185943
657,서울특별시 노원구 공릉동 715,공릉3단지라이프아파트,37.627268104716244,127.06861273855573
658,서울특별시 용산구 이태원동 729,남산대림아파트,37.54070927879944,126.98882519947777
659,서울특별시 강남구 삼성동 47-18,드림하우스아파트,37.51346572858703,127.04955006823067
660,서울특별시 강남구 도곡동 465,개포우성4차아파트,37.4854426681306,127.04947389017202
661,서울특별시 서대문구 홍제동 467,인왕산어울림아파트,37.583814111764454,126.9509637628719
662,서울특별시 강동구 천호동 333-55,천호e편한세상아파트,37.54436727818855,127.12433645463754
663,서울특별시 도봉구 방학동 740,동양크레오아파트,37.66443713644634,127.03027501447015
664,서울특별시 성동구 옥수동 436-6,화이트캐슬아파트,37.54091843520797,127.00977175444783
665,서울특별시 서대문구 홍은동 454,극동아파트,37.60260875940582,126.95086536318678
666,서울특별시 은평구 진관동 107,은평뉴타운마고정3단지아파트,37.633427563063606,126.92740166839124
667,서울특별시 광진구 구의동 660,구의현진에버빌아파트,37.542734873450165,127.09274564877336
668,서울특별시 송파구 거여동 46,현대3차아파트,37.49688973635329,127.14499293469729
669,서울특별시 동작구 사당동 1137,신동아5차아파트,37.49102259429548,126.97686463313144
670,서울특별시 성북구 안암동1가 361,안암래미안아파트,37.58930715224304,127.02374999359121
671,서울 서초구 반포동  18-1,래미안퍼스티지아파트,37.5032064667979,126.999398337486
672,서울특별시 도봉구 도봉동 556-18,우영아파트,37.687170037253104,127.04369857077506
673,서울특별시 광진구 자양동 783-1,자양7차우성아파트,37.53635334084634,127.0745905040622
674,서울특별시 서대문구 홍은동 22,홍은유원아파트,37.597491991147244,126.94466334057691
675,서울특별시 동작구 상도동 521,상도더샵1차아파트,37.502457934616935,126.94204985010734
676,서울특별시 용산구 한강로1가 50-1,용산파크자이아파트,37.536533221195576,126.972709482077
677,서울특별시 중구 신당동 845,,,
678,서울특별시 도봉구 방학동 272,,,
679,서울특별시 금천구 시흥동 801-3,,,
680,서울특별시 서초구 방배동 845-14,,,
681,서울특별시 노원구 월계동 924,초안2단지아파트,37.63132026900506,127.04292267663818
682,서울특별시 관악구 봉천동 673-82,성원홈아파트,37.490294760356726,126.93423672148789
683,서울특별시 관악구 신림동 1421-1,신림큐브오피스텔,37.48565972591745,126.93219990747814
684,서울특별시 용산구 이촌동 415,한강대우아파트,37.522217315969336,126.96947485046317
685,서울특별시 동대문구 이문동 425,이문삼성래미안1차아파트,37.6000357871039,127.056606840929
686,서울특별시 서초구 우면동 70,코오롱아파트,37.47259418890746,127.02765614013845
687,서울특별시 성북구 종암동 133,래미안세레니티아파트,37.59924519769332,127.03105031607741
688,서울특별시 양천구 목동 907-14,벽산미라지타워아파트,37.53586582700714,126.87950644416028
689,서울특별시 광진구 군자동 238,,,
690,서울특별시 양천구 신정동 1278,목동삼성아파트,37.515766646451446,126.87637159349308
691,서울특별시 성동구 금호동2가 1217,래미안하이리버아파트,37.55129219494881,127.0245391485163
692,서울특별시 관악구 신림동 1474-6,삼성오피스텔,37.48102149435594,126.9131680204436
693,서울특별시 광진구 자양동 641,경남아파트,37.528948772944766,127.0789670449909
694,서울특별시 성북구 길음동 1279,길음래미안1단지아파트,37.60583919100933,127.02024903938056
695,서울특별시 영등포구 신길동 4937,신길뉴타운한화꿈에그린아파트,37.502962849901806,126.9096061654484
696,서울특별시 도봉구 창동 807,쌍용아파트,37.659746135155196,127.04804348725017
697,서울특별시 동대문구 장안동 382-2,제이드파크아파트,37.5699288068668,127.069021941707
698,서울특별시 광진구 자양동 695,자양한양아파트,37.5319927348152,127.090962869109
699,서울특별시 강동구 암사동 516-2,한강리치팰리스아파트,37.550600058824465,127.12378889944765
700,서울특별시 은평구  갈현로1길 36,은평신사두산위브1차아파트,37.599939612242984,126.90570219975105
701,서울특별시 송파구 거여동 127-1,팰리스힐아파트,37.49826091001177,127.14364645901854
702,서울특별시 송파구 가락동 126-2,프라임아파트,37.49247416094926,127.12675167124758
703,서울특별시 강남구 도곡동 467-29,타워팰리스3차오피스텔,37.48733513266797,127.05283333247247
704,서울특별시 중랑구 신내동 397,"동성1,2차아파트",37.6091161456984,127.09767984117039
705,서울특별시 마포구 창전동 438,신촌금호아파트,37.55268800939353,126.9321392332497
706,서울특별시 서대문구 홍제동 459,홍제원현대아파트,37.58766438074983,126.94959917516834
707,서울특별시 마포구 서교동 490,메세나폴리스아파트,37.55093530307955,126.91378068787877
708,서울특별시 강서구 등촌동 691-3,부영아파트,37.56355649410892,126.84364090076737
709,서울특별시 노원구  공릉로 351,청구아파트,37.637867244436585,127.06870859088639
710,서울특별시 강남구 도곡동 467-17,타워팰리스2차아파트,37.48971123749224,127.0544926721875
711,서울특별시 서대문구 홍은동 281,로하스아파트,37.580494895236896,126.93275817507511
712,서울특별시 도봉구 창동 26,동아아파트,37.65129667590429,127.05031914775213
713,서울특별시 성북구 석관동 407,래미안석관아파트(407-4),37.6093516315917,127.055535713269
714,서울특별시 성북구 정릉동 266-32,대창쉐르빌아파트,37.613068084183396,127.01170775059019
715,서울특별시 영등포구 양평동3가 90-1,거성파스텔아파트,37.53139883211741,126.89177315090926
716,서울특별시 송파구 방이동 104-4,아크로빌아파트,37.512019593153035,127.11164638342439
717,서울특별시 강남구 삼성동 117,쌍용플래티넘아파트,37.512316870683,127.05183070094165
718,서울특별시 강남구 도곡동 467,타워팰리스1차오피스텔,37.48800336782093,127.05352806222774
719,서울특별시 성북구 보문동3가 230,e편한세상보문1단지아파트,37.58294388234168,127.015707444911
720,서울 도봉구 창동  528-53,,,
721,서울특별시 광진구 자양동 642,자양5차현대아파트,37.52859963952297,127.07828335508937
722,서울특별시 마포구 도화동 357,도화현대1차아파트,37.53942497854966,126.95386230877646
723,서울특별시 도봉구 쌍문동 724,백조,37.64605803937111,127.0263470031207
724,서울특별시 구로구 천왕동 273,천왕이펜하우스4단지아파트,37.48044947612399,126.83798938302586
725,서울특별시 도봉구 창동 33,주공19단지아파트,37.65045531130438,127.05204213720975
726,서울특별시 송파구 잠실동 19,잠실엘스아파트,37.51293085517571,127.08146118769716
727,서울특별시 영등포구 양평동5가 76,양평한신아파트,37.540116312667244,126.89210452836102
728,서울특별시 성북구 석관동 110-2,중앙하이츠아파트,37.611091070980024,127.06669061595105
729,서울특별시 노원구 상계동 1313,수락리버시티4단지아파트,37.6860596234662,127.05344333463329
730,서울특별시 강서구 화곡동 924-15,세교예지안6차오피스텔,37.529116668175526,126.84155875723462
731,서울특별시 마포구 아현동 732,삼환나띠르빌아파트,37.55133280842522,126.95444343850272
732,서울특별시 중랑구 면목동 1502,면목현대아파트,37.57625784429658,127.08978501857523
733,서울특별시 양천구 목동 905-22,목동트윈빌아파트,37.53218601468518,126.87676423904634
734,서울특별시 구로구 구로동 1279,우민늘푸른아파트,37.48801833174406,126.89392532709334
735,서울특별시 금천구 독산동 987-11,한아아파트,37.47333638769233,126.90011970655728
736,서울특별시 양천구  신정로 260,신트리4단지아파트,37.51126088755658,126.85076718393557
737,서울특별시 노원구 상계동 647,상계주공12단지아파트,37.66616680124523,127.05931827912221
738,서울특별시 서초구 서초동 1549-3,서초월드메르디앙아파트,37.49018465890432,127.01044359055118
739,서울특별시 서초구 우면동 753,서초호반써밋아파트,37.456436139336354,127.01325093276927
740,서울특별시 강서구 내발산동 672-15,원다벨라빌아파트,37.5536090289372,126.84059702947758
741,서울특별시 성북구 종암동 131,종암에스에이치빌아파트,37.5973677685386,127.030139111898
742,서울특별시 성북구 석관동 410,래미안아트리치아파트,37.60627685061643,127.06385619240235
743,서울특별시 노원구 상계동 1302,대창센시티아파트,37.67139260007626,127.05139706288668
744,서울특별시 강남구 청담동 128-18,상지리츠빌카일룸2차아파트,37.52645070409117,127.05428520716718
745,서울특별시 강서구 마곡동 784-11,마곡오드카운티1차오피스텔,37.563896133852296,126.8395847355878
746,서울특별시 중랑구 신내동 479,중앙하이츠아파트,37.60349002755963,127.09808922984233
747,서울 강북구 수유동  733,,,
748,서울특별시 강서구 가양동 1467,가양중앙하이츠아파트,37.569791486743874,126.8492649763875
749,서울특별시 서대문구 북아현동 187-14,북아현아파트,37.56438506026724,126.95317911723444
750,서울특별시 영등포구  도림로54길 14,신대림신동아파밀리에아파트,37.49511503711462,126.90273570299232
751,서울특별시 강동구 천호동 447-17,강동역신동아파밀리에아파트,37.5365689827386,127.133547065604
752,서울특별시 강서구 화곡동 377-21,요산페어뷰아파트,37.53730482084038,126.83552773410575
753,서울특별시 성북구 정릉동 402-117,,,
754,서울특별시 서초구 반포동 60-4,반포미도1차아파트,37.501353674137135,127.00878043670616
755,서울특별시 구로구 개봉동 489,개봉아이파크아파트,37.49006227416668,126.8597874860351
756,서울특별시 영등포구 양평동3가 55-1,경남아너스빌1차아파트,37.527217697776315,126.88834454544272
757,서울특별시 성북구 종암동 3-91,,,
758,서울특별시 강서구 화곡동 351-24,,,
759,서울특별시 송파구 거여동 291,거여2단지효성동아아파트,37.490325277573454,127.1462331154555
760,서울특별시 강동구 고덕동 693,고덕그라시움아파트,37.55754058724754,127.16364074756201
761,서울특별시 양천구 목동 902,목동신시가지2단지아파트,37.5374373835504,126.87622720534657
762,서울특별시 강동구 길동 346-1,효성노바아파트,37.54184573433012,127.14312014407837
763,서울특별시 관악구 신림동 1730,신림푸르지오1차아파트,37.4791228684825,126.91048508711464
764,서울특별시 서대문구 홍은동 460,홍은풍림아이원아파트,37.6037068481217,126.9482463837885
765,서울특별시 동대문구 장안동 329-3,래미안장안2차아파트,37.57396497479295,127.07538758267157
766,서울특별시 서대문구 남가좌동 381,DMC센트레빌아파트,37.57597354058168,126.91565818949063
767,서울특별시 관악구 봉천동 1713,낙성대현대홈타운아파트,37.48082340634545,126.96348138998914
768,서울특별시 서초구 서초동 1495-1층402,,,
769,서울특별시 강동구 둔촌동 545,둔촌하이츠아파트,37.52952723307251,127.14239969813539
770,서울특별시 중랑구 묵동 20,신내5단지두산대림아파트,37.61665863871433,127.08811986016424
771,서울특별시 양천구 신월동 217-8,해주아파트,37.5271006664646,126.834648491006
772,서울특별시 노원구 상계동 359,노원현대아파트,37.65853541663962,127.0629387554783
773,서울특별시 성북구 하월곡동 222,월곡두산위브아파트,37.6073772806315,127.038075319501
774,서울특별시 관악구 봉천동 685-103,보람아파트,37.49287783089443,126.93402639166135
775,서울특별시 성북구 길음동 1280,길음뉴타운2단지푸르지오아파트,37.61178635414699,127.01614615726216
776,서울특별시 서대문구 홍제동 461,홍제삼성래미안아파트,37.578354228651605,126.95129791106295
777,서울특별시 성동구 상왕십리동 811,텐즈힐2단지아파트,37.57046537873107,127.02467334916217
778,서울특별시 광진구  자양로4나길 44,파라다이스리버빌아파트,37.53016375581663,127.0885214549831
779,서울특별시 노원구 월계동 436,동신아파트,37.617552298421344,127.06126408168264
780,서울특별시 강서구 화곡동 1159,우장산아이파크이편한세상아파트,37.54942822036064,126.83781756883711
781,서울특별시 서초구 반포동 1016,,,
782,서울특별시 성동구 응봉동 276,서울숲리버그린동아아파트,37.55306563712833,127.03725095663398
783,서울특별시 송파구 신천동 11-10,잠실아이스페이스오피스텔,37.51673488419895,127.10539250274033
784,서울특별시 노원구 중계동 503,,,
785,서울특별시 금천구 시흥동 109-1,무지개아파트,37.45607236421169,126.89830151879126
786,서울특별시 양천구 신정동 1306,세양청마루아파트,37.50715349874025,126.86367784524775
787,서울특별시 마포구 중동 390,DMC마포청구아파트,37.5740789062302,126.90187125021703
788,서울특별시 영등포구 당산동 121-108,,,
789,서울특별시 성동구 상왕십리동 12-47,센트럴큐브오피스텔,37.57063458535271,127.02552237747308
790,서울특별시 구로구 개봉동 478,개봉한진타운아파트,37.48467909491101,126.85194169123484
791,서울특별시 서대문구 홍제동 470,제일아파트,37.58727571414443,126.94291823546071
792,서울특별시 송파구 장지동 849,송파파인타운3단지아파트,37.483749408927885,127.13276555897801
793,서울특별시 송파구 마천동 181,현대그린빌아파트,37.495181162392896,127.15096037462735
794,서울특별시 도봉구 창동 823,창동금호어울림아파트,37.65647256541975,127.04173589067393
795,서울특별시 영등포구 문래동3가 54,문래자이아파트,37.5160710059939,126.8968311174426
796,서울 동작구 상도동  533,힐스테이트상도프레스티지아파트,37.49683626864336,126.94925543680915
797,서울특별시 광진구 광장동 145-8,워커힐아파트,37.5522863388233,127.10861918517
798,서울특별시 동작구 상도동 531,힐스테이트상도센트럴파크아파트,37.495407955595,126.95087235480803
799,서울특별시 강남구 역삼동 828-28,,,
800,서울특별시 강동구 길동 384-1,한빛아파트,37.5382490177698,127.136202234008
801,서울특별시 영등포구 신길동 897-2,,,
802,서울특별시 관악구 신림동 1735,관악산휴먼시아2단지아파트,37.45903694158076,126.91968237692367
803,서울특별시 도봉구 창동 608-167,새울아파트(608-167번지),37.64527579536955,127.03986681685936
804,서울특별시 서초구 방배동 930-1,방배브라운가아파트,37.48352459349134,126.99194074218283
805,서울특별시 동대문구 답십리동 1003,래미안위브아파트,37.57153167026245,127.05339534973089
806,서울특별시 강동구 천호동 565,천호현대아이파크아파트,37.53599933169301,127.13374065722265
807,서울특별시 서초구 서초동 1685,삼풍아파트,37.498545433330456,127.01561511197758
808,서울특별시 강서구 염창동 309,e편한세상염창아파트,37.54886600701802,126.87067122811287
809,서울특별시 노원구 월계동 925,대동아파트,37.62177295286295,127.06043384981308
810,서울특별시 강남구 논현동 47-10,라디안아파트,37.51307391192652,127.02260942683995
811,서울특별시 구로구  신도림로 105,신도림우성2차아파트,37.512179023170226,126.88548043749343
812,서울특별시 금천구  독산로78다길 52,독산동아아파트,37.469947366324355,126.90632695609318
813,서울특별시 영등포구 영등포동 647,영등포푸르지오아파트,37.51185180912726,126.90237014189154
814,서울특별시 중랑구 묵동 167,신도1차아파트,37.61685447994778,127.07737451401303
815,서울특별시 도봉구 도봉동 641,서원아파트,37.67343741909391,127.04808405179517
816,서울특별시 노원구 월계동 496-2,송암아파트,37.6196879907719,127.056966080257
817,서울특별시 강서구 화곡동 353-50,,,
818,서울특별시 관악구 신림동 1727,임광관악파크아파트,37.46970451940984,126.91910122336526
819,서울특별시 동대문구 청량리동 235-1,,,
820,서울특별시 성북구 길음동 635-168,신안파크아파트,37.614128958270285,127.01590201733443
821,서울특별시 동대문구 용두동 794,용두롯데캐슬리치아파트,37.579095508833426,127.0306434504255
822,서울특별시 노원구 공릉동 492-3,서진프라자아파트,37.62337032005767,127.07183526294395
823,서울특별시 동작구 대방동 501,대방대림아파트,37.50741732947618,126.92491463997779
824,서울특별시 종로구 내수동 72,경희궁의아침3단지아파트,37.57345422761104,126.97237905319005
825,서울특별시 구로구 구로동 792-103,,,
826,서울특별시 강서구 화곡동 1141,화곡삼익아파트,37.529443774421324,126.85129211068464
827,서울특별시 도봉구 쌍문동 59,"한양2,3,4차아파트",37.65703800258918,127.03132368789657
828,서울특별시 광진구 광장동 577,광장현대파크빌10차아파트,37.54414401948922,127.10152831767476
829,서울특별시 중구 신당동 844,남산타운아파트,37.5465805104561,127.00703402265
830,서울특별시 중랑구 망우동 508-11,,,
831,서울특별시 은평구 응암동 197-78,신동아아파트,37.596986417932506,126.92348401174301
832,서울 용산구 이촌동  436,래미안첼리투스아파트,37.51730009092861,126.9800034024905
833,서울특별시 도봉구 도봉동 642,현대성우아파트,37.67626306056509,127.04766418868071
834,서울특별시 영등포구  영등포로28길 5,당산코오롱아파트,37.51995821216907,126.89924200219252
835,서울특별시 강동구 명일동 44,신동아아파트,37.5537375803272,127.15211052668779
836,서울특별시 도봉구 창동 347,창동주공3단지아파트,37.65009626254373,127.04433974225617
837,서울 강동구 천호동  565,천호현대아이파크아파트,37.53599933169301,127.13374065722265
838,서울특별시 은평구 신사동 297,씨티아파트,37.6003563867228,126.90410723608812
839,서울특별시 동대문구 답십리동 1000,래미안엘파인아파트(1000-1),37.575515322358,127.066852454538
840,서울특별시 마포구 성산동 601,성산월드타운대림아파트,37.56934389800746,126.90824464422231
841,서울특별시 동대문구 답십리동 80,답십리청솔우성아파트,37.5746549056229,127.060087841828
842,서울특별시 동작구 대방동 500,성원아파트,37.50959403999071,126.92615886652067
843,서울특별시 구로구 구로동 1281,한일유앤아이아파트,37.48627904269408,126.8759905399035
844,서울특별시 관악구 남현동 1134,예성그린캐슬2차아파트,37.47362217393781,126.97616908845023
845,서울 동대문구 장안동  336,장안현대홈타운1차아파트,37.5700227869319,127.074496157311
846,서울특별시 노원구 중계동 360-15,건영3차아파트,37.64843016184798,127.07498686641742
847,서울특별시 성동구 성수동1가 708,성수동아그린아파트,37.55101907466686,127.04829274020861
848,서울특별시 성북구 정릉동 239-1,,,
849,서울특별시 중랑구 면목동 1527,면목신성미소지움1차아파트,37.58721616429734,127.09609328944109
850,서울특별시 성북구 하월곡동 224,샹그레빌아파트,37.5964345348198,127.04139433434133
851,서울특별시 강동구 천호동 32-2,성인아파트,37.54776015515427,127.14215373468606
852,서울 종로구 평창동  108,평창롯데캐슬로잔아파트,37.60997971216521,126.97739864484937
853,서울특별시 관악구 남현동 1072-63,세종하이츠아파트,37.473217769968,126.97269634377
854,서울특별시 중랑구 면목동 1512,형진아파트,37.5864566024313,127.07499258585
855,서울특별시 서초구 서초동 1685-3,아크로비스타오피스텔,37.4981997286681,127.013313721465
856,서울특별시 은평구 구산동 159-10,구산브라운스톤아파트,37.61150388814018,126.90924390816197
857,서울특별시 서초구 서초동 1310-26,,,
858,서울특별시 서초구 서초동 1671-5,서초리시온아파트,37.493474590201195,127.01544217494593
859,서울특별시 중구 황학동 981,중구리버빌아파트,37.56719339309214,127.02252050659712
860,서울특별시 은평구 응암동 759,백련산힐스테이트1차아파트,37.59248253531061,126.92515988902584
861,서울특별시 양천구 목동 900-17,한신빌라트,37.539793374255254,126.88227455318518
862,서울특별시 구로구 온수동 155,온수힐스테이트아파트,37.49673142073229,126.8210277186938
863,서울특별시 강동구 천호동 46-5,우정아파트,37.54417172079365,127.14120093475644
864,서울특별시 성동구 마장동 818,마장현대아파트,37.56945837659617,127.04256567948956
865,서울특별시 마포구 합정동 200-1,펠리스아트빌아파트,37.54540285901138,126.91458935120217
866,서울특별시 강서구 화곡동 1160,상진지오벨리아파트,37.534993390248204,126.85968077967591
867,서울특별시 송파구 방이동 89,올림픽선수기자촌아파트,37.5143844900996,127.135158949349
868,서울특별시 서초구 방배동 460-1,덕산럭스아파트,37.4809326806536,126.985528207559
