28,135680000,212000000,64,14.0,20.0,202107,2.0,53.58,0,2020,188100000.0
29,114400000,143000000,80,11.0,21.0,202107,9.0,12.97,1,2020,120660000.0
30,1733000000,1733000000,100,4.0,22.0,202107,14.0,142.034,1,2020,1869999999.0
31,3440000000,3440000000,100,15.0,23.0,202107,12.0,171.1005,0,2020,3953999000.0
32,1190400000,1860000000,64,7.0,10.0,202107,2.0,200.4,0,2020,1595000000.0
33,340000000,340000000,100,4.0,24.0,202107,5.0,53.01,0,2020,430100000.0
34,1620000000,1620000000,100,3.0,25.0,202107,8.0,177.62,0,2020,1700000000.0
35,70400000,110000000,64,16.0,26.0,202107,9.0,12.19,0,2020,91336000.0
36,344000000,344000000,100,8.0,27.0,202107,1.0,84.76,0,2020,420000001.0
37,215000000,215000000,100,17.0,28.0,202107,4.0,29.9,1,2020,249000100.0
38,403000000,403000000,100,16.0,29.0,202106,7.0,163.91,0,2019,603000000.0
39,935000000,935000000,100,18.0,30.0,202106,8.0,84.65,0,2020,1297999990.0
40,217600000,272000000,80,19.0,31.0,202106,8.0,47.3,1,2020,302500000.0
41,570000000,570000000,100,19.0,32.0,202106,12.0,74.01,0,2020,581110000.0
42,422000000,422000000,100,12.0,33.0,202106,3.0,66.03,0,2019,851770000.0
43,730000000,730000000,100,5.0,34.0,202106,3.0,84.866,1,2020,803700000.0
44,1010000000,1010000000,100,15.0,35.0,202106,5.0,6.72,1,2020,1010000000.0
45,566000000,566000000,100,14.0,12.0,202106,6.0,77.34899999999998,1,2020,731000000.0
46,460000000,460000000,100,20.0,37.0,202106,4.0,109.1,0,2019,560000000.0
47,2042000000,2042000000,100,21.0,38.0,202106,2.0,121.63,1,2020,2503000000.0
48,710000000,710000000,100,19.0,39.0,202106,4.0,84.87,0,2020,787920000.0
49,68000000,68000000,100,8.0,40.0,202106,14.0,23.37,1,2020,80888800.0
50,1440000000,1800000000,80,22.0,41.0,202106,13.0,127.33,0,2020,1765800000.0
51,441600000,690000000,64,19.0,31.0,202106,8.0,84.6824,0,2020,716923000.0
52,116000000,116000000,100,17.0,28.0,202106,4.0,22.24,1,2020,143888800.0
53,300000000,300000000,100,10.0,14.0,202106,7.0,64.78,1,2020,379000000.0
54,2235000000,2235000000,100,15.0,42.0,202106,1.0,119.8906,1,2019,2948999000.0
55,935000000,935000000,100,7.0,43.0,202106,12.0,81.68,1,2020,941111000.0
56,120000000,150000000,80,10.0,14.0,202106,5.0,33.74,1,2020,140133000.0
57,2930000000,2930000000,100,15.0,44.0,202106,6.0,141.32,0,2020,3661227000.0
58,425000000,425000000,100,1.0,3.0,202106,1.0,72.34,1,2020,501150000.0
59,508000000,508000000,100,1.0,3.0,202106,11.0,32.76,0,2020,541050000.0
60,690000000,690000000,100,1.0,3.0,202106,6.0,84.96,0,2020,732120000.0
61,1025000000,1025000000,100,21.0,45.0,202106,15.0,59.91,0,2020,1025000000.0
62,1450000000,1450000000,100,21.0,46.0,202106,14.0,120.97,0,2020,1791000000.0
63,700000000,700000000,100,22.0,47.0,202106,2.0,101.32,0,2020,720000000.0
64,484500000,484500000,100,18.0,30.0,202106,14.0,38.47,1,2020,540990000.0
65,1390000000,1390000000,100,21.0,45.0,202106,20.0,85.0,0,2020,1481000000.0
66,108800000,136000000,80,11.0,48.0,202106,6.0,14.28,0,2020,121808000.0
67,1385000000,1385000000,100,3.0,25.0,202106,6.0,84.5839,1,2019,1385116000.0
68,1570000000,1570000000,100,4.0,49.0,202106,20.0,114.93,0,2020,1703000000.0
69,356000000,356000000,100,2.0,50.0,202106,6.0,58.09,0,2020,480000000.0
70,449920000,703000000,64,17.0,51.0,202105,6.0,139.28,1,2020,783000000.0
71,172160000,269000000,64,19.0,52.0,202105,2.0,42.43,1,2020,281100000.0
72,567000000,567000000,100,16.0,29.0,202105,1.0,84.89,0,2020,625380000.0
73,890000000,890000000,100,19.0,53.0,202105,8.0,84.88,0,2020,998980000.0
74,549000000,549000000,100,8.0,12.0,202105,1.0,72.63,0,2020,592950000.0
75,769000000,769000000,100,8.0,12.0,202105,17.0,134.2,0,2020,889999990.0
76,615000000,615000000,100,5.0,34.0,202105,2.0,147.4,1,2020,651110000.0
77,100000000,125000000,80,5.0,8.0,202105,11.0,14.06,0,2020,124000000.0
78,1061600000,1327000000,80,23.0,54.0,202105,3.0,236.07,0,2020,1233300000.0
79,745000000,745000000,100,20.0,55.0,202105,8.0,59.9858,1,2019,961060000.0
80,860000000,860000000,100,19.0,56.0,202105,8.0,114.926,1,2020,974270000.0
81,595000000,595000000,100,19.0,53.0,202105,2.0,59.65,0,2020,735790000.0
82,143000000,143000000,100,8.0,12.0,202105,3.0,13.32,1,2020,157888880.0
83,569000000,569000000,100,8.0,40.0,202105,15.0,84.97,1,2020,606100000.0
84,261000000,261000000,100,17.0,51.0,202105,4.0,45.44,0,2020,415999999.0
85,510000000,510000000,100,17.0,57.0,202105,4.0,49.5,1,2020,564970000.0
86,940000000,940000000,100,12.0,16.0,202105,14.0,131.3,0,2020,1188990000.0
87,568000000,568000000,100,1.0,3.0,202105,12.0,140.51,0,2019,753009001.0
88,747000000,747000000,100,5.0,34.0,202105,9.0,84.84,1,2020,800000000.0
89,256000000,320000000,80,0.0,58.0,202105,17.0,24.76,0,2020,310600000.0
90,1032000000,1290000000,80,22.0,59.0,202105,9.0,59.508,0,2020,1362511001.0
91,390000000,390000000,100,21.0,60.0,202105,10.0,46.8,0,2020,471990000.0
92,602000000,602000000,100,5.0,11.0,202105,7.0,72.41,1,2020,618263800.0
93,164000000,205000000,80,21.0,61.0,202105,16.0,14.671,0,2020,177800000.0
94,2470000000,2470000000,100,21.0,61.0,202105,6.0,147.44,1,2020,2611000000.0
95,580000000,580000000,100,1.0,62.0,202104,10.0,55.85,0,2019,750009999.0
96,192800000,241000000,80,2.0,63.0,202104,3.0,53.23,1,2020,207770000.0
97,402400000,503000000,80,24.0,64.0,202104,13.0,42.16,1,2020,635000000.0
98,461000000,461000000,100,10.0,65.0,202104,12.0,59.34,1,2020,588899001.0
99,950000000,950000000,100,11.0,66.0,202104,14.0,131.34,1,2020,1036100000.0
100,120000000,120000000,100,3.0,25.0,202104,-1.0,59.04,1,2020,150000000.0
101,600000000,600000000,100,7.0,43.0,202104,18.0,42.54,1,2020,637887000.0
102,386000000,386000000,100,9.0,67.0,202104,15.0,84.97,0,2020,563900000.0
103,699000000,699000000,100,0.0,68.0,202104,12.0,70.71,1,2020,789300000.0
104,426000000,426000000,100,9.0,13.0,202104,15.0,83.86,0,2020,577700000.0
105,1070000000,1070000000,100,16.0,29.0,202104,12.0,99.93,0,2020,1121110000.0
106,869000000,869000000,100,0.0,69.0,202104,4.0,84.82,1,2020,1185699900.0
107,450000000,450000000,100,22.0,70.0,202104,3.0,80.0,1,2020,828920000.0
108,720800000,901000000,80,21.0,61.0,202104,15.0,41.53,1,2020,828920000.0
109,442000000,442000000,100,21.0,71.0,202104,6.0,75.04,1,2020,539999000.0
110,625000000,625000000,100,8.0,27.0,202104,11.0,84.956,0,2020,711000000.0
111,121600000,190000000,64,14.0,20.0,202104,2.0,52.26,0,2020,155900000.0
112,107000000,107000000,100,12.0,16.0,202104,1.0,31.41,1,2020,168100000.0
113,1090000000,1090000000,100,14.0,72.0,202104,22.0,84.77,0,2020,1231900000.0
114,472000000,472000000,100,1.0,73.0,202104,16.0,98.89,1,2020,611000000.0
115,1390000000,1390000000,100,18.0,30.0,202104,11.0,143.36,0,2020,1828000000.0
116,1030000000,1030000000,100,21.0,74.0,202104,3.0,84.93,1,2020,1301510000.0
117,96640000,151000000,64,19.0,31.0,202104,3.0,46.78,0,2020,125330000.0
118,534000000,534000000,100,9.0,75.0,202104,3.0,84.94,0,2020,601199990.0
119,592000000,592000000,100,22.0,76.0,202104,6.0,84.68,0,2020,610000000.0
120,902000000,902000000,100,17.0,77.0,202104,9.0,134.914,0,2020,950000000.0
121,626000000,626000000,100,24.0,78.0,202104,3.0,78.54,1,2020,632777000.0
122,2100000000,2625000000,80,15.0,42.0,202104,5.0,187.215,1,2020,2330000000.0
123,944000000,944000000,100,18.0,30.0,202104,6.0,59.94,0,2020,1059999999.0
124,800000000,800000000,100,19.0,79.0,202104,14.0,59.75,0,2020,823888888.0
125,368000000,460000000,80,20.0,37.0,202104,6.0,70.84,0,2020,435600000.0
126,697000000,697000000,100,17.0,51.0,202104,15.0,87.57,1,2020,755510000.0
127,582000000,582000000,100,19.0,80.0,202104,7.0,113.05,0,2020,704000000.0
128,573000000,573000000,100,17.0,51.0,202104,14.0,61.52,0,2020,711110000.0
129,1070000000,1070000000,100,15.0,44.0,202104,1.0,67.13,0,2020,1282500000.0
130,668000000,668000000,100,12.0,16.0,202104,17.0,58.03,1,2020,732600000.0
131,1020000000,1020000000,100,6.0,81.0,202104,2.0,84.88,0,2020,1110820000.0
132,100000000,125000000,80,5.0,8.0,202104,11.0,14.06,0,2020,121211000.0
133,1250000000,1250000000,100,0.0,82.0,202104,1.0,142.26,0,2019,1625052090.0
134,752000000,752000000,100,10.0,83.0,202104,12.0,51.756,0,2019,911440000.0
135,1100000000,1100000000,100,10.0,83.0,202104,16.0,84.9783,0,2019,1365000000.0
136,765000000,765000000,100,10.0,84.0,202104,3.0,84.96,0,2020,808000000.0
137,1703000000,1703000000,100,14.0,12.0,202104,14.0,95.67,0,2020,1810300000.0
138,549000000,549000000,100,22.0,70.0,202104,10.0,84.88,0,2020,726777700.0
139,98000000,98000000,100,22.0,85.0,202104,6.0,10.91,1,2020,135666000.0
140,619000000,619000000,100,14.0,20.0,202104,7.0,59.78,0,2020,780250000.0
141,446000000,446000000,100,7.0,86.0,202104,6.0,49.92,1,2019,503300000.0
142,76186000,186000000,41,10.0,14.0,202103,8.0,27.77,1,2020,85550000.0
143,217000000,217000000,100,2.0,87.0,202103,4.0,39.21,0,2020,222000000.0
144,385000000,385000000,100,4.0,88.0,202103,8.0,42.3,1,2020,467999000.0
145,905000000,905000000,100,4.0,89.0,202103,6.0,84.95,0,2020,963987360.0
146,1080000000,1080000000,100,21.0,61.0,202103,3.0,84.95,0,2020,1485300000.0
147,344000000,344000000,100,10.0,65.0,202103,1.0,49.2,1,2019,467000000.0
148,578000000,578000000,100,10.0,84.0,202103,1.0,58.14,0,2019,735373000.0
149,350000000,350000000,100,11.0,90.0,202103,9.0,22.91,1,2020,350000000.0
150,215000000,215000000,100,1.0,2.0,202103,2.0,49.59,0,2020,235700000.0
151,599000000,599000000,100,2.0,91.0,202103,11.0,57.5033,1,2020,648900000.0
152,88320000,138000000,64,11.0,21.0,202103,5.0,12.06,0,2020,92900000.0
153,1216000000,1216000000,100,24.0,92.0,202103,14.0,84.884,0,2020,1334612600.0
154,472000000,472000000,100,17.0,51.0,202103,2.0,84.514,0,2019,665000000.0
155,322000000,322000000,100,17.0,77.0,202103,1.0,49.5,0,2020,478310000.0
156,351000000,351000000,100,19.0,31.0,202103,7.0,57.28,1,2020,361001000.0
157,148000000,148000000,100,19.0,93.0,202103,2.0,28.31,1,2020,148000000.0
158,560000000,560000000,100,13.0,17.0,202103,19.0,114.48,0,2020,560480000.0
159,448000000,448000000,100,12.0,16.0,202103,2.0,44.64,1,2020,486770000.0
160,77824000,190000000,41,1.0,2.0,202103,3.0,16.6,0,2019,127000000.0
161,488000000,488000000,100,1.0,3.0,202103,3.0,73.27,0,2020,527273350.0
162,1270000000,1270000000,100,3.0,94.0,202103,11.0,84.99,0,2020,1412000000.0
163,543000000,543000000,100,1.0,95.0,202103,10.0,84.84,0,2020,682700000.0
164,1420000000,1420000000,100,0.0,82.0,202103,2.0,114.78,0,2019,1721300000.0
165,487000000,487000000,100,22.0,76.0,202103,3.0,81.46,0,2020,600000000.0
166,465000000,465000000,100,17.0,57.0,202103,9.0,49.5,1,2020,616790000.0
167,613000000,613000000,100,17.0,51.0,202103,22.0,84.6,0,2020,738800000.0
168,491000000,491000000,100,17.0,96.0,202103,8.0,84.78,0,2020,623000777.0
169,383000000,383000000,100,9.0,67.0,202103,1.0,84.98,0,2020,487000777.0
170,810000000,810000000,100,17.0,57.0,202103,15.0,84.95,0,2020,1089450000.0
171,256000000,320000000,80,6.0,97.0,202103,6.0,35.55,1,2019,305550000.0
172,1474000000,1474000000,100,24.0,64.0,202103,11.0,134.25,0,2020,1499999999.0
173,1650000000,1650000000,100,15.0,98.0,202103,6.0,59.88800000000001,0,2020,1889999999.0
174,367000000,367000000,100,10.0,14.0,202103,7.0,74.04,0,2020,389110000.0
175,830000000,830000000,100,5.0,34.0,202103,21.0,114.69,0,2020,1011000000.0
176,1235200000,1930000000,64,23.0,54.0,202102,8.0,239.484,1,2019,1619900000.0
177,442000000,442000000,100,12.0,16.0,202102,11.0,82.17,0,2020,545777000.0
178,383200000,479000000,80,10.0,14.0,202102,12.0,83.7,0,2020,505610000.0
179,553000000,553000000,100,12.0,99.0,202102,21.0,114.48,0,2020,752830000.0
180,94720000,148000000,64,11.0,21.0,202102,8.0,12.97,0,2019,103100000.0
181,88320000,138000000,64,11.0,21.0,202102,8.0,12.05,0,2019,112100000.0
182,88320000,138000000,64,11.0,21.0,202102,9.0,12.06,0,2019,103100000.0
183,92800000,145000000,64,11.0,21.0,202102,4.0,12.97,0,2019,112100000.0
184,122400000,153000000,80,10.0,100.0,202102,2.0,19.6437,1,2020,142890000.0
185,589000000,589000000,100,10.0,65.0,202102,3.0,84.95,1,2020,689130000.0
186,264000000,330000000,80,2.0,101.0,202102,6.0,82.27,0,2020,430370000.0
187,1200000000,1200000000,100,24.0,102.0,202102,7.0,84.9827,1,2019,1459800000.0
188,1240000000,1240000000,100,24.0,102.0,202102,11.0,84.9827,1,2019,1405990000.0
189,292000000,292000000,100,6.0,103.0,202102,10.0,64.26,1,2019,363000000.0
190,145600000,182000000,80,14.0,20.0,202102,4.0,58.32,0,2020,199199000.0
191,624000000,624000000,100,10.0,65.0,202102,2.0,113.3376,0,2020,675000000.0
192,300000000,300000000,100,14.0,20.0,202102,4.0,57.32,1,2020,300500000.0
193,264000000,330000000,80,14.0,20.0,202102,1.0,90.17,0,2019,335000000.0
194,631000000,631000000,100,2.0,104.0,202102,1.0,84.42,0,2020,790403080.0
195,670000000,670000000,100,11.0,105.0,202102,3.0,59.94,0,2020,839999000.0
196,1610000000,1610000000,100,3.0,25.0,202102,2.0,84.94,0,2020,1783100000.0
197,72588000,72588000,100,12.0,18.0,202102,11.0,9.9483,1,2020,73100000.0
198,705000000,705000000,100,21.0,45.0,202102,7.0,84.58,0,2020,843350000.0
199,273000000,273000000,100,9.0,54.0,202102,9.0,36.34,0,2020,451990000.0
200,275000000,275000000,100,9.0,75.0,202102,14.0,49.77,0,2020,388989000.0
201,92160000,144000000,64,1.0,2.0,202102,3.0,12.77,1,2019,110125690.0
202,163200000,255000000,64,17.0,51.0,202102,2.0,45.9,0,2018,481007700.0
203,1698000000,1698000000,100,18.0,107.0,202102,4.0,226.75,0,2019,1788888888.0
204,1579520000,2468000000,64,21.0,38.0,202102,26.0,364.04,0,2019,2313999000.0
205,3600000000,4500000000,80,0.0,0.0,202102,19.0,218.58,0,2020,4111000000.0
206,339200000,530000000,64,16.0,108.0,202102,5.0,84.93,0,2020,618800000.0
207,100800000,126000000,80,20.0,37.0,202102,9.0,12.9463,0,2020,102320000.0
208,99200000,124000000,80,20.0,37.0,202102,6.0,12.5803,0,2020,99519000.0
209,1197998000,4570000000,26,15.0,23.0,202102,5.0,192.86,1,2019,1231000000.0
210,2296000000,2870000000,80,15.0,109.0,202102,12.0,115.24,0,2020,3155150000.0
211,4140800000,6470000000,64,15.0,23.0,202102,13.0,244.32,0,2019,6011000000.0
212,540000000,675000000,80,24.0,92.0,202102,13.0,59.1,1,2020,702365999.0
213,854000000,854000000,100,21.0,110.0,202102,10.0,116.965,0,2019,1328810000.0
214,1450000000,1450000000,100,18.0,30.0,202102,7.0,137.45,1,2020,1751010000.0
215,2960000000,2960000000,100,21.0,111.0,202102,1.0,176.048,0,2020,3110000000.0
216,1420000000,1420000000,100,0.0,112.0,202102,17.0,92.08,0,2020,1500000000.0
217,385000000,385000000,100,18.0,113.0,202102,24.0,59.82,0,2020,491999990.0
218,844000000,844000000,100,21.0,61.0,202102,2.0,84.3,0,2020,1085550000.0
219,573000000,573000000,100,11.0,114.0,202101,14.0,79.91,0,2020,631000000.0
220,108800000,170000000,64,10.0,14.0,202101,4.0,30.69,1,2020,164950000.0
221,75200000,94000000,80,10.0,14.0,202101,8.0,15.55,1,2020,76200000.0
222,474000000,474000000,100,19.0,52.0,202101,17.0,84.9,1,2018,839900000.0
223,409600000,1250000000,33,21.0,111.0,202101,27.0,62.11,1,2019,570000100.0
224,465000000,465000000,100,21.0,60.0,202101,2.0,59.88,0,2019,605899990.0
225,980000000,980000000,100,20.0,115.0,202101,3.0,101.62,1,2020,1153300000.0
226,1200000000,1200000000,100,19.0,53.0,202101,34.0,170.45,1,2020,1355000000.0
227,133120000,208000000,64,20.0,37.0,202101,2.0,42.48,1,2020,170400000.0
228,510000000,510000000,100,16.0,29.0,202101,9.0,59.98,1,2020,619900000.0
229,80640000,126000000,64,12.0,16.0,202101,20.0,14.579,0,2019,110970000.0
230,96800000,121000000,80,13.0,116.0,202101,16.0,12.04,1,2020,112000000.0
231,181600000,227000000,80,11.0,117.0,202101,7.0,27.18,1,2020,215000000.0
232,560000000,560000000,100,12.0,99.0,202101,13.0,114.48,0,2020,681110000.0
233,114400000,143000000,80,11.0,21.0,202101,10.0,12.4,1,2020,122000000.0
234,1010000000,1010000000,100,11.0,118.0,202101,15.0,84.5802,0,2020,1200011000.0
235,74547000,182000000,41,1.0,2.0,202101,3.0,16.01,1,2020,74547000.0
236,1300000000,1300000000,100,0.0,119.0,202101,12.0,84.98,0,2020,1321500000.0
237,200320000,313000000,64,1.0,95.0,202012,-1.0,100.44,0,2019,241000000.0
238,705000000,705000000,100,2.0,104.0,202012,3.0,101.49,1,2019,830100000.0
239,834000000,834000000,100,2.0,104.0,202012,13.0,101.49,1,2019,963100000.0
240,771000000,771000000,100,2.0,104.0,202012,2.0,134.63,0,2020,892000000.0
241,349600000,437000000,80,1.0,95.0,202012,1.0,139.58,1,2019,459150000.0
242,408000000,408000000,100,2.0,4.0,202012,5.0,59.97,0,2020,541661600.0
243,478000000,478000000,100,18.0,113.0,202012,3.0,58.43,1,2019,567100000.0
244,1120000000,1120000000,100,22.0,118.0,202012,6.0,126.43,0,2020,1265500000.0
245,1220000000,1220000000,100,22.0,47.0,202012,14.0,187.41,0,2020,1500990000.0
246,822000000,822000000,100,24.0,92.0,202012,10.0,59.928,0,2019,1046990000.0
247,300000000,300000000,100,14.0,20.0,202012,4.0,43.2,1,2019,571230000.0
248,208000000,260000000,80,10.0,14.0,202012,6.0,43.8,1,2020,225000000.0
249,404000000,505000000,80,10.0,121.0,202012,1.0,84.0152,0,2020,405000000.0
250,277000000,277000000,100,1.0,95.0,202012,7.0,65.01,1,2019,310000000.0
251,344000000,344000000,100,2.0,122.0,202012,3.0,84.93,0,2019,386000000.0
252,1282400000,1603000000,80,6.0,123.0,202012,13.0,187.44,1,2019,1518100000.0
253,153600000,192000000,80,1.0,2.0,202012,2.0,16.95,1,2019,163000000.0
254,108800000,136000000,80,1.0,2.0,202012,3.0,12.03,1,2019,108800000.0
255,1420000000,1420000000,100,4.0,89.0,202012,14.0,102.7,0,2020,1582000000.0
256,992000000,1240000000,80,7.0,86.0,202012,4.0,52.06,1,2020,1182000000.0
257,505000000,505000000,100,22.0,118.0,202011,4.0,83.86,0,2020,599900000.0
258,1952000000,1952000000,100,14.0,72.0,202011,12.0,151.76,0,2020,1970500000.0
259,793000000,793000000,100,12.0,99.0,202011,14.0,119.98,0,2020,911000000.0
260,2480000000,3100000000,80,15.0,23.0,202011,22.0,89.115,1,2019,3030300000.0
261,169000000,169000000,100,15.0,35.0,202011,7.0,9.07,1,2019,170010000.0
262,990000000,990000000,100,10.0,14.0,202011,2.0,177.86,0,2020,1237000000.0
263,92000000,115000000,80,12.0,99.0,202011,2.0,29.115,1,2020,105890000.0
264,1150000000,1150000000,100,11.0,118.0,202011,13.0,120.6939,0,2020,1265990000.0
265,541000000,541000000,100,12.0,124.0,202011,15.0,84.741,1,2020,649743360.0
266,563000000,563000000,100,21.0,45.0,202011,8.0,84.4,1,2019,766660000.0
267,1240000000,1550000000,80,7.0,43.0,202011,1.0,142.26,0,2019,1377700000.0
268,107520000,168000000,64,10.0,14.0,202011,6.0,51.18,0,2019,131800000.0
269,64512000,126000000,51,22.0,118.0,202011,16.0,13.97,0,2019,102000010.0
270,224000000,280000000,80,17.0,28.0,202011,4.0,58.23,0,2019,242550000.0
271,570000000,570000000,100,20.0,115.0,202011,4.0,68.75,1,2020,630000000.0
272,1148000000,1148000000,100,21.0,45.0,202011,8.0,180.667,0,2020,1220000010.0
273,575000000,575000000,100,5.0,8.0,202011,7.0,84.97,0,2019,707778770.0
274,655000000,655000000,100,24.0,125.0,202011,20.0,59.67,0,2019,837000000.0
275,199200000,249000000,80,14.0,20.0,202011,8.0,59.76,1,2019,273400000.0
276,893000000,893000000,100,24.0,78.0,202011,11.0,84.59,0,2019,1183110000.0
277,762000000,762000000,100,12.0,99.0,202011,22.0,114.99,0,2019,861867000.0
278,452800000,566000000,80,22.0,47.0,202011,3.0,84.74,1,2019,572000000.0
279,1150000000,1150000000,100,21.0,74.0,202011,3.0,84.92,0,2019,1410000000.0
280,562000000,562000000,100,20.0,126.0,202011,2.0,101.94,0,2019,732100000.0
281,430000000,430000000,100,8.0,12.0,202011,5.0,84.18,0,2020,452600000.0
282,602000000,602000000,100,20.0,127.0,202011,15.0,84.99700000000001,1,2020,787570000.0
283,568000000,710000000,80,16.0,29.0,202011,10.0,198.95,0,2020,681830000.0
284,240000000,300000000,80,24.0,92.0,202011,1.0,79.44,0,2020,285880000.0
285,892000000,892000000,100,22.0,85.0,202011,15.0,114.69,0,2019,980010000.0
286,950000000,950000000,100,21.0,128.0,202011,4.0,101.95,0,2019,1060100000.0
287,1856000000,2320000000,80,18.0,107.0,202011,2.0,226.45,0,2019,2187000000.0
288,638000000,638000000,100,21.0,46.0,202011,12.0,39.69,0,2020,731519000.0
289,377000000,377000000,100,19.0,39.0,202011,6.0,66.48,1,2020,380000800.0
290,534400000,668000000,80,10.0,121.0,202010,6.0,59.84,1,2020,712500000.0
291,517600000,647000000,80,10.0,83.0,202010,1.0,84.96,0,2020,707070700.0
292,649000000,649000000,100,2.0,104.0,202010,5.0,84.83,0,2020,715450000.0
293,1420000000,1420000000,100,15.0,98.0,202010,2.0,61.19,0,2018,1773100000.0
294,1585000000,1585000000,100,7.0,86.0,202010,1.0,158.24,0,2019,1632999999.0
295,2110000000,2110000000,100,15.0,109.0,202010,4.0,107.64,0,2019,2413099999.0
296,1400000000,1400000000,100,14.0,12.0,202010,30.0,201.32,0,2020,1680090000.0
297,1999360000,3124000000,64,15.0,23.0,202010,3.0,229.77,0,2019,2800000000.0
298,344000000,430000000,80,24.0,102.0,202010,3.0,74.47,0,2019,485000000.0
299,1550000000,1550000000,100,7.0,129.0,202010,12.0,54.11,0,2019,1661230000.0
300,575000000,575000000,100,14.0,72.0,202010,2.0,84.98,0,2018,803770000.0
301,611000000,611000000,100,18.0,130.0,202010,2.0,84.96,0,2019,634080000.0
302,936000000,936000000,100,10.0,14.0,202010,10.0,84.97,0,2019,1076400000.0
303,81280000,127000000,64,11.0,131.0,202010,13.0,12.23,0,2019,96100000.0
304,83200000,130000000,64,12.0,16.0,202010,12.0,13.39,0,2019,90900000.0
305,2470000000,2470000000,100,15.0,98.0,202010,6.0,163.85,0,2019,2910000000.0
306,639000000,639000000,100,5.0,8.0,202010,20.0,119.96,0,2019,655700000.0
307,695000000,695000000,100,10.0,65.0,202010,7.0,133.98,1,2019,753750000.0
308,2210000000,2210000000,100,15.0,42.0,202010,22.0,141.648,0,2019,2806880000.0
309,2550000000,2550000000,100,7.0,86.0,202010,26.0,111.01,0,2019,2741000000.0
310,200000000,200000000,100,12.0,124.0,202010,20.0,42.48,1,2019,221009000.0
311,1112000000,1390000000,80,0.0,82.0,202010,13.0,84.81,0,2018,1498789000.0
312,186400000,233000000,80,9.0,67.0,202010,3.0,81.87,0,2018,193200000.0
313,521000000,521000000,100,22.0,85.0,202010,2.0,107.96,0,2019,608900000.0
314,810000000,810000000,100,19.0,52.0,202010,17.0,84.97,0,2019,924990000.0
315,1150000000,1150000000,100,21.0,111.0,202010,33.0,84.445,1,2019,1380000000.0
316,1670000000,1670000000,100,21.0,61.0,202010,12.0,100.82,0,2019,1843500000.0
317,100000000,125000000,80,20.0,37.0,202010,6.0,12.9463,0,2019,115050000.0
318,611000000,611000000,100,17.0,96.0,202010,18.0,85.0,0,2019,734444400.0
319,1295000000,1295000000,100,21.0,61.0,202010,9.0,190.14,0,2020,1950000000.0
320,955000000,955000000,100,19.0,79.0,202010,6.0,114.98,0,2020,1088920000.0
321,380000000,380000000,100,9.0,67.0,202010,9.0,83.85,0,2020,468980000.0
322,449000000,449000000,100,19.0,53.0,202010,3.0,84.69,0,2020,523777000.0
323,1470000000,1470000000,100,7.0,43.0,202010,1.0,244.84,1,2019,1500000000.0
324,1480000000,1480000000,100,7.0,43.0,202010,2.0,244.84,1,2019,1536000000.0
325,272800000,341000000,80,12.0,16.0,202010,2.0,49.77,0,2019,302990000.0
326,306400000,383000000,80,11.0,114.0,202010,3.0,75.8,1,2019,313500000.0
327,1240000000,1240000000,100,14.0,12.0,202010,2.0,134.77,0,2020,1258000000.0
328,805000000,805000000,100,1.0,132.0,202010,4.0,84.98,0,2019,887060000.0
329,2199000000,2199000000,100,15.0,44.0,202010,1.0,141.21,0,2019,2501001000.0
330,930000000,930000000,100,2.0,104.0,202010,2.0,167.71,1,2019,933260000.0
331,797000000,797000000,100,10.0,84.0,202010,13.0,80.64,0,2020,838080000.0
332,453000000,453000000,100,10.0,19.0,202010,6.0,39.6,0,2020,545799999.0
333,301000000,301000000,100,5.0,8.0,202010,2.0,51.27,1,2019,410000000.0
334,3464000000,4330000000,80,0.0,0.0,202009,13.0,217.86,0,2019,4052000000.0
335,790000000,790000000,100,9.0,54.0,202009,15.0,109.5,0,2019,821899000.0
336,208800000,261000000,80,20.0,133.0,202009,11.0,24.31900000000001,1,2019,213600000.0
337,556000000,556000000,100,9.0,54.0,202009,4.0,59.88,0,2019,635700000.0
338,400000000,400000000,100,8.0,134.0,202009,10.0,84.92,0,2020,432015000.0
339,613000000,613000000,100,20.0,135.0,202009,9.0,115.56,0,2020,674110000.0
340,803000000,803000000,100,19.0,53.0,202009,5.0,114.61,0,2020,836100000.0
341,280320000,438000000,64,1.0,2.0,202009,3.0,105.44,1,2019,324880000.0
342,114400000,143000000,80,1.0,2.0,202009,3.0,12.6,1,2019,120000000.0
343,2900000000,2900000000,100,3.0,25.0,202009,21.0,124.02,0,2020,3151000000.0
344,837000000,837000000,100,2.0,104.0,202009,5.0,134.51,1,2020,907399000.0
345,309600000,387000000,80,20.0,37.0,202009,9.0,59.92,0,2019,335120000.0
346,99200000,124000000,80,20.0,37.0,202009,4.0,12.9463,0,2019,99490000.0
347,565000000,565000000,100,20.0,127.0,202009,3.0,84.84,0,2019,678950000.0
348,277600000,347000000,80,16.0,26.0,202009,21.0,74.48,0,2020,351999900.0
349,370000000,370000000,100,17.0,77.0,202009,9.0,59.59,1,2020,447270000.0
350,612000000,612000000,100,20.0,126.0,202009,7.0,59.95,0,2020,701550000.0
351,1189478000,3630000000,33,0.0,0.0,202009,8.0,194.46,1,2019,1351999999.0
352,447000000,447000000,100,22.0,70.0,202009,1.0,83.81,0,2019,451999000.0
353,1232000000,1540000000,80,4.0,22.0,202008,36.0,122.867,1,2019,1600859999.0
354,216000000,270000000,80,1.0,3.0,202008,5.0,35.39,1,2019,234895000.0
355,187000000,187000000,100,4.0,136.0,202008,6.0,33.2,1,2019,187000000.0
356,457600000,572000000,80,22.0,47.0,202008,4.0,84.64,0,2018,527000000.0
357,739000000,739000000,100,21.0,128.0,202008,12.0,59.73,0,2019,805500000.0
358,480000000,750000000,64,7.0,43.0,202008,6.0,75.02,1,2019,601200000.0
359,1320000000,1320000000,100,24.0,92.0,202008,11.0,118.2086,1,2019,1432330000.0
360,323200000,505000000,64,14.0,12.0,202008,16.0,66.68,1,2019,474700000.0
361,432000000,432000000,100,12.0,18.0,202008,13.0,64.39,0,2020,529000000.0
362,309600000,387000000,80,5.0,8.0,202008,9.0,65.44,1,2019,360000000.0
363,794000000,794000000,100,11.0,105.0,202008,13.0,84.87,0,2019,930011000.0
364,870000000,870000000,100,10.0,83.0,202008,13.0,84.90700000000002,0,2019,952500000.0
365,644000000,644000000,100,13.0,137.0,202008,8.0,84.935,0,2019,645111111.0
366,1190000000,1190000000,100,3.0,138.0,202008,11.0,106.45,0,2019,1430000000.0
367,1250000000,1250000000,100,15.0,139.0,202008,3.0,109.32,0,2019,1630000000.0
368,16000000,25000000,64,12.0,16.0,202008,2.0,7.28,1,2019,20300000.0
370,602000000,602000000,100,8.0,40.0,202008,7.0,129.37,0,2019,680316000.0
371,84000000,84000000,100,17.0,96.0,202008,5.0,11.0,0,2019,103100000.0
372,595000000,595000000,100,1.0,3.0,202008,11.0,59.93,0,2020,702359000.0
373,563000000,563000000,100,11.0,66.0,202008,4.0,59.9,0,2020,632111112.0
374,136000000,170000000,80,10.0,14.0,202008,3.0,30.69,1,2019,136000000.0
375,785000000,785000000,100,10.0,84.0,202008,4.0,134.8836,0,2018,1032000000.0
376,1650000000,1650000000,100,11.0,141.0,202008,24.0,161.08,0,2019,1672741001.0
377,736800000,921000000,80,24.0,102.0,202008,2.0,119.5,1,2019,1024200000.0
378,168800000,211000000,80,15.0,142.0,202008,5.0,13.61,1,2019,180000000.0
379,334400000,418000000,80,10.0,65.0,202008,9.0,59.67,0,2019,418580000.0
380,634000000,634000000,100,14.0,72.0,202008,6.0,84.2,0,2020,763200000.0
381,1558000000,1558000000,100,14.0,72.0,202008,2.0,124.55,0,2020,1650000000.0
382,376800000,471000000,80,2.0,101.0,202008,4.0,78.8,1,2019,475240000.0
383,888000000,888000000,100,24.0,143.0,202008,14.0,84.95,0,2019,938000000.0
384,984000000,1230000000,80,2.0,104.0,202008,6.0,167.62,1,2019,1007010000.0
385,113600000,142000000,80,2.0,144.0,202008,2.0,26.36,1,2019,131990000.0
386,601000000,601000000,100,22.0,47.0,202008,8.0,93.55,0,2019,733550000.0
387,428000000,428000000,100,22.0,118.0,202008,2.0,84.98,0,2019,428006000.0
388,484000000,605000000,80,22.0,76.0,202008,5.0,84.86,1,2019,726090000.0
389,514000000,514000000,100,21.0,128.0,202008,11.0,60.67,1,2019,517000000.0
390,643000000,643000000,100,21.0,145.0,202008,2.0,88.74,0,2020,643006000.0
391,670000000,670000000,100,22.0,85.0,202008,7.0,102.45,0,2020,720010000.0
392,326000000,326000000,100,18.0,113.0,202007,4.0,55.87,0,2019,385000000.0
393,1340000000,1340000000,100,18.0,30.0,202007,17.0,127.95,0,2019,1551000000.0
394,1325000000,1325000000,100,21.0,45.0,202007,4.0,149.74,0,2019,1450000000.0
395,1456000000,1820000000,80,7.0,43.0,202007,5.0,199.06,0,2019,1499999990.0
396,76288000,149000000,51,1.0,2.0,202007,3.0,12.84,1,2019,76300000.0
397,1200000000,1200000000,100,4.0,146.0,202007,14.0,147.37,0,2019,1270000000.0
398,1128000000,1410000000,80,7.0,10.0,202007,7.0,123.974,1,2019,1500000000.0
399,1020000000,1020000000,100,21.0,74.0,202007,11.0,84.76,0,2019,1323700000.0
400,183040000,286000000,64,0.0,119.0,202007,12.0,18.88,1,2019,260000000.0
401,583000000,583000000,100,21.0,45.0,202007,8.0,96.88,1,2019,626116000.0
402,1470000000,1470000000,100,0.0,147.0,202007,14.0,84.88,0,2019,1521100000.0
403,1290000000,1290000000,100,24.0,92.0,202007,6.0,120.936,1,2019,1350990000.0
404,451000000,451000000,100,14.0,12.0,202007,12.0,84.27,0,2019,608861600.0
405,391000000,391000000,100,10.0,14.0,202007,12.0,76.23,1,2019,491250000.0
406,84000000,105000000,80,10.0,14.0,202007,9.0,14.315,0,2019,92085000.0
407,857600000,1340000000,64,7.0,43.0,202007,8.0,184.08,0,2019,1253000000.0
408,333000000,333000000,100,5.0,8.0,202007,6.0,59.94,1,2019,334700000.0
409,622000000,622000000,100,12.0,148.0,202007,16.0,84.94,0,2019,665100000.0
410,116800000,146000000,80,11.0,21.0,202007,10.0,12.05,1,2019,121000000.0
411,727000000,727000000,100,24.0,92.0,202007,18.0,84.94,0,2019,842660000.0
412,419200000,524000000,80,21.0,45.0,202007,5.0,73.17,0,2019,440200000.0
413,268160000,419000000,64,8.0,149.0,202007,9.0,59.76,0,2019,463555800.0
414,236800000,296000000,80,9.0,54.0,202007,6.0,84.78,0,2019,251100000.0
415,505600000,790000000,64,19.0,39.0,202007,10.0,132.96,0,2019,828860000.0
416,50000000,50000000,100,17.0,57.0,202007,1.0,7.96,1,2020,54259800.0
417,188000000,188000000,100,17.0,28.0,202007,2.0,39.6,0,2020,204999000.0
418,80640000,126000000,64,13.0,116.0,202007,17.0,12.04,1,2019,92010000.0
419,357000000,357000000,100,14.0,72.0,202007,3.0,73.07,0,2020,374000000.0
420,528000000,660000000,80,2.0,104.0,202007,11.0,84.95,1,2018,688700000.0
421,1825000000,1825000000,100,7.0,86.0,202007,24.0,149.17,0,2019,1872450000.0
422,388000000,388000000,100,1.0,95.0,202007,12.0,84.92,0,2019,471200000.0
423,1068000000,1068000000,100,10.0,14.0,202007,15.0,177.86,0,2019,1072230000.0
424,621000000,621000000,100,10.0,83.0,202007,14.0,59.96,0,2019,711100000.0
425,786400000,983000000,80,2.0,104.0,202007,16.0,167.14,1,2019,918500000.0
426,706000000,706000000,100,2.0,104.0,202007,6.0,134.91,1,2019,752270000.0
427,1000000000,1000000000,100,4.0,150.0,202007,8.0,84.69,0,2019,1158999990.0
428,611000000,611000000,100,5.0,8.0,202007,2.0,114.7,0,2019,702510000.0
429,439000000,439000000,100,12.0,18.0,202007,3.0,84.56,0,2019,532999999.0
430,120320000,188000000,64,1.0,2.0,202007,2.0,16.62,0,2019,158500000.0
431,604800000,756000000,80,19.0,39.0,202007,2.0,143.51,0,2019,838000000.0
432,310000000,310000000,100,17.0,77.0,202007,5.0,93.03,0,2019,336000000.0
433,570000000,570000000,100,17.0,51.0,202007,5.0,73.94,0,2019,715200000.0
434,269000000,269000000,100,9.0,67.0,202007,8.0,53.16,0,2019,271812000.0
435,641600000,802000000,80,18.0,151.0,202006,7.0,157.21,1,2018,843999900.0
436,141600000,177000000,80,18.0,113.0,202006,4.0,47.25,1,2019,144844400.0
437,570000000,570000000,100,8.0,12.0,202006,9.0,84.741,0,2019,611670007.0
438,499000000,499000000,100,20.0,37.0,202006,7.0,84.71,0,2019,559018000.0
439,1060000000,1060000000,100,20.0,115.0,202006,6.0,124.76,0,2019,1191100000.0
440,557000000,557000000,100,0.0,152.0,202006,4.0,59.97,0,2019,703861600.0
441,789000000,789000000,100,19.0,39.0,202006,10.0,143.13,0,2019,828920000.0
442,1350000000,1350000000,100,24.0,92.0,202006,10.0,118.2086,0,2019,1383900000.0
443,1080000000,1080000000,100,24.0,102.0,202006,6.0,84.9827,0,2019,1199900000.0
444,448640000,701000000,64,0.0,153.0,202006,5.0,72.84,1,2019,551100000.0
445,290000000,290000000,100,13.0,137.0,202006,5.0,59.94,0,2019,372350000.0
446,1520000000,1900000000,80,7.0,10.0,202006,2.0,137.47,0,2019,1961000000.0
447,72000000,90000000,80,10.0,14.0,202006,9.0,13.79,0,2019,77270000.0
448,290000000,290000000,100,2.0,122.0,202006,2.0,79.11,1,2018,325677000.0
449,346400000,433000000,80,7.0,154.0,202006,5.0,47.29,1,2019,405000000.0
450,1000000000,1250000000,80,3.0,155.0,202006,2.0,84.75,0,2019,1308999990.0
451,785000000,785000000,100,10.0,14.0,202006,2.0,104.75,0,2019,810010000.0
452,1281000000,1281000000,100,3.0,25.0,202006,8.0,84.88,0,2019,1325843200.0
453,1820000000,1820000000,100,7.0,10.0,202006,26.0,59.96,1,2019,2017000000.0
454,473600000,592000000,80,12.0,148.0,202006,14.0,84.97,0,2019,605108000.0
455,646000000,646000000,100,12.0,99.0,202006,21.0,84.83,0,2019,705432000.0
456,457000000,457000000,100,2.0,91.0,202006,1.0,59.895,0,2019,512990000.0
457,192000000,240000000,80,6.0,156.0,202006,5.0,41.32,0,2019,237777777.0
458,336000000,420000000,80,21.0,128.0,202006,6.0,83.62,0,2019,423200000.0
459,208000000,260000000,80,6.0,81.0,202006,5.0,59.99,0,2019,215200000.0
460,275000000,275000000,100,1.0,95.0,202006,2.0,54.54,0,2019,275190000.0
461,105600000,165000000,64,12.0,16.0,202006,1.0,58.25,0,2019,126650000.0
462,240000000,240000000,100,11.0,114.0,202006,13.0,31.19,1,2019,271000000.0
463,72800000,91000000,80,10.0,14.0,202006,9.0,13.79,0,2019,83710000.0
464,1042000000,1042000000,100,11.0,157.0,202006,21.0,114.96,1,2019,1075300000.0
465,680000000,680000000,100,11.0,158.0,202006,3.0,84.995,0,2019,725660000.0
466,387000000,387000000,100,14.0,20.0,202006,7.0,79.96,1,2019,390870000.0
467,333000000,333000000,100,22.0,70.0,202006,5.0,78.8,0,2019,388860000.0
468,674000000,674000000,100,19.0,56.0,202006,6.0,84.8681,0,2019,736090000.0
469,670000000,670000000,100,19.0,52.0,202006,3.0,84.84,0,2019,720000100.0
470,389760000,609000000,64,22.0,70.0,202006,5.0,114.68,0,2019,617000000.0
471,288000000,450000000,64,22.0,70.0,202006,5.0,84.97,0,2019,472100000.0
472,894000000,894000000,100,22.0,70.0,202006,36.0,94.61,0,2019,986131000.0
473,480800000,601000000,80,19.0,39.0,202006,15.0,84.87,1,2019,610999999.0
474,302000000,302000000,100,19.0,31.0,202006,9.0,59.94,0,2019,333100000.0
475,98400000,123000000,80,20.0,37.0,202006,8.0,21.94,1,2019,111883300.0
476,511200000,639000000,80,16.0,101.0,202006,11.0,134.27,0,2019,628000000.0
477,358000000,358000000,100,19.0,31.0,202006,2.0,59.88,0,2019,386110000.0
478,434400000,543000000,80,17.0,28.0,202006,3.0,134.64,0,2019,515819000.0
479,275200000,344000000,80,17.0,51.0,202006,22.0,59.4,0,2019,356000000.0
480,316000000,316000000,100,9.0,54.0,202006,6.0,68.4,0,2019,340000000.0
481,73600000,115000000,64,12.0,16.0,202006,3.0,38.25,1,2018,105690000.0
482,768800000,961000000,80,4.0,146.0,202006,9.0,113.25,0,2019,963989000.0
483,1080000000,1080000000,100,24.0,78.0,202006,12.0,157.07,1,2019,1200111000.0
484,1256000000,1256000000,100,15.0,35.0,202006,1.0,63.76,0,2019,1334990000.0
485,1200000000,1200000000,100,4.0,150.0,202006,6.0,84.87100000000002,0,2019,1391000000.0
486,448000000,560000000,80,1.0,161.0,202006,6.0,100.1,0,2019,622000000.0
487,610000000,610000000,100,1.0,162.0,202006,4.0,84.6,1,2019,661710000.0
488,148000000,185000000,80,1.0,2.0,202006,3.0,16.0,1,2019,160000000.0
489,611000000,611000000,100,16.0,29.0,202006,17.0,114.85,0,2018,614190000.0
490,579200000,724000000,80,19.0,79.0,202006,18.0,84.97,0,2018,682000000.0
491,875000000,875000000,100,22.0,76.0,202006,10.0,84.949,0,2019,951880000.0
492,221600000,277000000,80,9.0,13.0,202006,1.0,65.37,1,2019,290860000.0
493,317600000,397000000,80,9.0,67.0,202006,12.0,84.98,1,2019,361600000.0
494,685000000,685000000,100,8.0,12.0,202006,15.0,134.2,0,2019,691110000.0
495,579200000,724000000,80,21.0,128.0,202006,3.0,74.83,0,2019,728899000.0
496,350000000,350000000,100,19.0,32.0,202006,12.0,42.365,1,2019,376800000.0
497,184000000,230000000,80,17.0,28.0,202006,9.0,39.84,0,2019,217770000.0
498,796000000,796000000,100,19.0,39.0,202006,6.0,84.8778,1,2019,817120000.0
499,680000000,680000000,100,8.0,149.0,202006,4.0,126.28,0,2019,750030000.0
500,352000000,352000000,100,17.0,51.0,202006,1.0,59.39,1,2019,360950000.0
501,530000000,530000000,100,19.0,31.0,202006,5.0,84.95,0,2019,545511000.0
502,1340000000,1340000000,100,18.0,30.0,202005,3.0,159.97,0,2019,1356000000.0
503,368000000,460000000,80,8.0,12.0,202005,12.0,84.975,1,2019,471110000.0
504,194000000,194000000,100,17.0,57.0,202005,11.0,26.57,0,2019,195200000.0
505,620000000,620000000,100,17.0,77.0,202005,4.0,117.168,0,2019,620010000.0
506,786000000,786000000,100,7.0,86.0,202005,4.0,97.36,0,2019,792310000.0
507,461600000,577000000,80,7.0,86.0,202005,11.0,88.63,0,2019,584000000.0
508,345600000,432000000,80,13.0,17.0,202005,8.0,114.48,1,2018,479799000.0
509,624000000,780000000,80,10.0,14.0,202005,3.0,85.0,1,2019,722690000.0
510,832000000,1040000000,80,10.0,100.0,202005,7.0,84.88,0,2019,1016700000.0
511,695000000,695000000,100,5.0,34.0,202005,3.0,84.87,0,2019,781880000.0
512,1110000000,1110000000,100,12.0,33.0,202005,11.0,105.45,0,2018,1137630000.0
513,425000000,425000000,100,13.0,17.0,202005,4.0,114.48,0,2018,470112000.0
514,2681600000,4190000000,64,7.0,10.0,202005,2.0,140.13,0,2018,2725000000.0
516,1028000000,1028000000,100,11.0,118.0,202005,14.0,84.98,0,2019,1134100000.0
517,765000000,765000000,100,11.0,15.0,202005,21.0,79.777,0,2019,899900000.0
518,608000000,760000000,80,24.0,64.0,202005,14.0,66.05,1,2019,715000000.0
519,2032000000,2540000000,80,7.0,43.0,202005,6.0,243.83,0,2019,2222222000.0
520,214000000,267500000,80,10.0,65.0,202005,8.0,29.99,0,2019,289999000.0
521,442000000,442000000,100,12.0,18.0,202005,13.0,84.56,0,2019,492550000.0
522,1260000000,1260000000,100,14.0,12.0,202005,23.0,157.29,0,2019,1301550000.0
523,240000000,300000000,80,2.0,144.0,202005,5.0,67.14,1,2019,242000000.0
524,248000000,310000000,80,1.0,95.0,202005,4.0,56.61,1,2019,316439999.0
525,1312000000,1640000000,80,3.0,25.0,202005,5.0,128.66,1,2019,1313111000.0
526,542000000,542000000,100,2.0,101.0,202005,14.0,106.54,1,2019,542000000.0
527,296000000,370000000,80,1.0,95.0,202005,11.0,84.92,0,2019,381900000.0
528,923000000,923000000,100,24.0,164.0,202005,17.0,114.986,0,2019,1035799000.0
529,227000000,227000000,100,17.0,51.0,202005,11.0,39.7,0,2018,245340000.0
530,298000000,298000000,100,8.0,12.0,202005,5.0,44.5,1,2019,323990000.0
531,213760000,334000000,64,9.0,75.0,202005,13.0,84.18,1,2019,331010000.0
532,486400000,608000000,80,19.0,39.0,202005,7.0,84.81700000000002,0,2019,617646000.0
533,552000000,690000000,80,20.0,127.0,202005,11.0,112.03,0,2019,661990000.0
534,233600000,292000000,80,16.0,29.0,202005,3.0,59.42,0,2019,289000900.0
535,545000000,545000000,100,19.0,31.0,202005,13.0,114.76,0,2019,551300000.0
536,776000000,776000000,100,0.0,153.0,202005,18.0,134.79,0,2019,880000000.0
537,281600000,440000000,64,19.0,52.0,202005,1.0,84.85,0,2019,478899900.0
538,723000000,723000000,100,9.0,67.0,202005,7.0,118.381,0,2019,760950000.0
539,588000000,588000000,100,20.0,37.0,202005,10.0,59.928,0,2019,648820000.0
540,626000000,626000000,100,9.0,54.0,202005,15.0,68.86,1,2019,701000050.0
542,174400000,218000000,80,14.0,20.0,202005,1.0,59.59,0,2019,208220000.0
543,390000000,390000000,100,12.0,18.0,202005,5.0,59.94,1,2019,395190000.0
544,660000000,660000000,100,24.0,102.0,202004,2.0,59.89,1,2019,743000000.0
545,1070000000,1070000000,100,18.0,107.0,202004,7.0,84.81,0,2019,1125000000.0
546,1590000000,1590000000,100,21.0,111.0,202004,19.0,151.189,0,2019,1610000000.0
547,1720000000,1720000000,100,21.0,111.0,202004,14.0,84.99,1,2019,1752112000.0
548,360000000,360000000,100,21.0,45.0,202004,11.0,42.48,0,2019,426409900.0
549,363000000,363000000,100,16.0,101.0,202004,13.0,49.94,1,2019,427111110.0
550,290000000,290000000,100,17.0,51.0,202004,14.0,59.99,1,2019,290399999.0
551,600000000,600000000,100,8.0,40.0,202004,8.0,84.79,1,2019,643000000.0
552,508000000,508000000,100,19.0,53.0,202004,13.0,59.855,0,2019,570600000.0
553,264000000,264000000,100,17.0,51.0,202004,4.0,46.8,0,2019,266336000.0
554,3640000000,3640000000,100,3.0,138.0,202004,4.0,177.764,0,2018,3881100000.0
555,575000000,575000000,100,5.0,34.0,202004,11.0,84.74,1,2018,642920000.0
556,475000000,475000000,100,1.0,132.0,202004,13.0,59.4,1,2019,599990000.0
557,624000000,780000000,80,5.0,34.0,202004,22.0,114.78,1,2019,748550000.0
558,1376000000,1720000000,80,7.0,165.0,202004,6.0,114.9,0,2019,1553390000.0
559,739000000,739000000,100,6.0,166.0,202004,8.0,84.97,0,2019,800450000.0
560,811000000,811000000,100,7.0,10.0,202004,8.0,42.48,0,2019,811000000.0
561,758000000,758000000,100,22.0,85.0,202004,10.0,84.54,1,2018,811599000.0
562,681000000,681000000,100,16.0,29.0,202004,3.0,84.97,1,2019,685900000.0
563,392000000,392000000,100,17.0,77.0,202004,2.0,84.98299999999998,0,2019,463999999.0
564,452800000,566000000,80,17.0,96.0,202004,2.0,84.902,0,2018,615600000.0
565,244800000,306000000,80,17.0,28.0,202004,8.0,59.4,0,2019,316333300.0
566,580000000,580000000,100,20.0,127.0,202004,3.0,84.86,1,2019,625000000.0
567,910000000,910000000,100,14.0,72.0,202004,7.0,114.93,1,2019,1111110000.0
568,484000000,484000000,100,11.0,167.0,202004,9.0,62.65,1,2019,525252525.0
569,1100000000,1100000000,100,14.0,12.0,202004,2.0,65.1,0,2019,1205200000.0
570,600800000,751000000,80,24.0,64.0,202004,5.0,84.7,0,2018,721999990.0
571,200000000,250000000,80,5.0,34.0,202004,5.0,71.35,0,2019,213110000.0
572,978000000,978000000,100,12.0,33.0,202004,14.0,169.199,0,2018,1046600000.0
573,560000000,700000000,80,10.0,19.0,202004,1.0,119.85,0,2019,681150000.0
574,1050000000,1050000000,100,21.0,45.0,202004,23.0,180.516,0,2019,1102999990.0
575,2256000000,2820000000,80,3.0,138.0,202003,3.0,208.88,0,2018,2350000000.0
576,177600000,222000000,80,2.0,168.0,202003,6.0,46.73,1,2019,194550000.0
577,265600000,415000000,64,6.0,123.0,202002,4.0,68.23,0,2019,343230000.0
578,100000000,125000000,80,11.0,169.0,202002,8.0,13.53,0,2019,113300000.0
579,100000000,125000000,80,11.0,169.0,202002,11.0,13.53,1,2019,112300000.0
580,355000000,355000000,100,13.0,137.0,202002,4.0,58.72,0,2019,425300000.0
581,901000000,901000000,100,10.0,19.0,202002,13.0,84.99,0,2019,1006000000.0
582,608000000,608000000,100,20.0,170.0,202002,15.0,84.954,0,2019,628682990.0
583,413000000,413000000,100,17.0,51.0,202002,3.0,84.8577,0,2019,421190000.0
584,725000000,725000000,100,0.0,112.0,202002,10.0,84.96,1,2019,739900000.0
585,384000000,480000000,80,16.0,29.0,202002,1.0,84.705,0,2019,518890000.0
586,363200000,454000000,80,17.0,96.0,202002,7.0,84.87,0,2019,458980000.0
587,361600000,452000000,80,20.0,37.0,202002,16.0,80.53,0,2019,455015000.0
588,1536000000,1920000000,80,7.0,86.0,202002,7.0,205.67,0,2019,1858300000.0
589,1320000000,1320000000,100,10.0,100.0,202002,14.0,114.91,0,2019,1480999000.0
590,378000000,378000000,100,14.0,72.0,202002,7.0,69.12,0,2018,423850000.0
591,184960000,289000000,64,2.0,50.0,202002,3.0,59.36,1,2018,232067500.0
592,546000000,682500000,80,1.0,161.0,202002,8.0,54.55,1,2019,663000000.0
593,370000000,370000000,100,8.0,40.0,202002,19.0,59.4,0,2018,393897000.0
594,644000000,644000000,100,22.0,70.0,202002,4.0,84.93,0,2018,748000000.0
595,919000000,919000000,100,21.0,74.0,202002,21.0,59.96,0,2019,1031900000.0
596,73440000,91800000,80,16.0,26.0,202002,8.0,12.19,0,2019,80690000.0
597,161000000,161000000,100,19.0,171.0,202002,1.0,43.17,0,2019,183900000.0
598,642000000,642000000,100,9.0,54.0,202002,8.0,152.09,0,2019,762510000.0
599,490000000,490000000,100,12.0,16.0,202002,4.0,66.42,0,2019,554000000.0
600,233000000,233000000,100,12.0,16.0,202002,10.0,70.58,0,2019,238100000.0
601,333000000,333000000,100,12.0,18.0,202002,10.0,54.61,0,2019,375099800.0
602,474000000,474000000,100,13.0,17.0,202002,14.0,114.84,0,2019,482880000.0
603,300160000,469000000,64,1.0,2.0,202002,2.0,105.44,0,2019,346777000.0
604,384000000,480000000,80,2.0,104.0,202002,14.0,67.22,1,2019,427600000.0
605,251330000,767000000,33,22.0,70.0,202002,7.0,113.86,1,2018,261210000.0
606,170880000,267000000,64,20.0,37.0,202002,6.0,52.04,0,2018,205500000.0
607,1520000000,1520000000,100,21.0,61.0,202002,11.0,100.31,0,2018,1668800000.0
608,640000000,640000000,100,0.0,0.0,202002,16.0,58.32,1,2019,731222000.0
609,462000000,462000000,100,0.0,58.0,202002,14.0,29.98,1,2019,476486200.0
610,298400000,373000000,80,9.0,75.0,202002,7.0,73.89,0,2019,402799900.0
611,387200000,484000000,80,17.0,51.0,202002,9.0,84.9,0,2019,470777799.0
612,432000000,432000000,100,16.0,101.0,202002,16.0,84.86,0,2019,472320000.0
613,387000000,387000000,100,17.0,51.0,202002,12.0,84.87,0,2019,387000500.0
614,1090000000,1090000000,100,21.0,46.0,202002,17.0,84.934,0,2019,1285330000.0
616,293000000,293000000,100,17.0,51.0,202002,12.0,45.9,0,2019,315000000.0
617,288000000,360000000,80,15.0,142.0,202002,2.0,27.67,0,2019,325111110.0
618,855040000,1670000000,51,23.0,54.0,202002,2.0,200.19,0,2019,915115290.0
619,867000000,867000000,100,24.0,64.0,202002,18.0,84.32,0,2019,868000000.0
620,660000000,825000000,80,5.0,34.0,202002,3.0,114.919,0,2019,815159000.0
621,979200000,1530000000,64,15.0,42.0,202001,34.0,97.92,1,2019,1170380000.0
622,557600000,697000000,80,5.0,34.0,202001,5.0,84.96,0,2019,685670000.0
623,1016000000,1270000000,80,4.0,146.0,202001,6.0,114.74,1,2019,1301000000.0
624,1384000000,1730000000,80,4.0,22.0,202001,21.0,142.034,1,2019,1501000000.0
625,201600000,252000000,80,2.0,50.0,202001,1.0,61.32,0,2019,259999999.0
626,672000000,840000000,80,20.0,37.0,202001,15.0,133.72,1,2019,842200000.0
627,143360000,224000000,64,9.0,75.0,202001,2.0,49.32,0,2019,173633000.0
628,358400000,448000000,80,8.0,40.0,202001,7.0,84.97,1,2019,439900000.0
629,98400000,123000000,80,20.0,37.0,202001,6.0,12.946,0,2019,106599999.0
630,276000000,345000000,80,1.0,161.0,202001,6.0,41.12,1,2019,301000000.0
631,742000000,742000000,100,4.0,172.0,202001,1.0,84.689,1,2019,743779900.0
632,390000000,390000000,100,2.0,4.0,202001,5.0,59.97,0,2019,397970000.0
633,249000000,249000000,100,14.0,20.0,202001,6.0,59.59,0,2019,249000000.0
634,195200000,244000000,80,9.0,13.0,202001,10.0,46.3,0,2018,212300000.0
635,196000000,245000000,80,17.0,28.0,202001,15.0,49.77,1,2018,213129999.0
636,480000000,480000000,100,17.0,51.0,202001,10.0,84.88,0,2019,480100303.0
637,348000000,348000000,100,19.0,31.0,202001,8.0,84.92,0,2019,381100000.0
638,655200000,819000000,80,19.0,39.0,202001,20.0,152.25,1,2019,750500000.0
639,412800000,516000000,80,19.0,53.0,202001,19.0,79.248,0,2019,475100000.0
640,703000000,703000000,100,20.0,126.0,202001,11.0,114.76,0,2019,704400000.0
641,85760000,134000000,64,5.0,8.0,202001,9.0,12.96,0,2019,105763700.0
642,559200000,699000000,80,5.0,34.0,202001,2.0,114.78,1,2019,632000900.0
643,630000000,630000000,100,7.0,10.0,202001,3.0,24.17,1,2019,720000000.0
644,629600000,787000000,80,10.0,14.0,202001,3.0,103.92,0,2019,783770000.0
645,338000000,338000000,100,13.0,137.0,202001,2.0,84.6,0,2019,340350000.0
646,708000000,708000000,100,14.0,12.0,202001,6.0,96.83,0,2019,708000000.0
647,161504000,201880000,80,10.0,14.0,202001,4.0,29.05,0,2019,190000000.0
648,755000000,755000000,100,24.0,92.0,202001,2.0,59.99,0,2019,826770000.0
649,321600000,402000000,80,14.0,72.0,202001,3.0,94.98,0,2019,365499900.0
650,1590000000,1590000000,100,3.0,173.0,202001,27.0,162.04,1,2018,1701112000.0
651,362240000,566000000,64,1.0,95.0,202001,12.0,139.58,0,2018,430430000.0
652,407200000,509000000,80,12.0,16.0,202001,20.0,84.962,0,2019,490110000.0
653,713000000,713000000,100,7.0,86.0,202001,9.0,52.36,0,2019,968880000.0
654,106400000,133000000,80,4.0,174.0,202001,5.0,16.624000000000002,0,2019,127300000.0
655,1030000000,1030000000,100,4.0,49.0,202001,20.0,84.77,0,2019,1083000000.0
656,434400000,543000000,80,10.0,121.0,202001,5.0,84.985,1,2019,521288000.0
657,150000000,150000000,100,11.0,118.0,202001,7.0,14.88,1,2019,160000000.0
658,370000000,370000000,100,2.0,50.0,202001,3.0,84.17,0,2019,411210000.0
659,232800000,291000000,80,20.0,37.0,202001,10.0,53.79,1,2018,260500000.0
660,798400000,998000000,80,22.0,76.0,202001,3.0,157.24,1,2019,889990000.0
661,342000000,342000000,100,22.0,118.0,202001,17.0,60.1,0,2019,420000000.0
662,498000000,498000000,100,21.0,60.0,202001,4.0,82.13,0,2019,535600000.0
663,298000000,298000000,100,17.0,51.0,202001,12.0,41.3,0,2019,299000000.0
664,992000000,1240000000,80,7.0,86.0,201912,3.0,152.48,1,2019,1156900000.0
665,720000000,720000000,100,0.0,153.0,201912,14.0,84.99,0,2019,731800000.0
666,1700000000,1700000000,100,21.0,111.0,201912,13.0,84.8,0,2019,1817999999.0
667,2340000000,2340000000,100,15.0,98.0,201912,1.0,182.2,0,2019,2375000000.0
668,2540000000,2540000000,100,7.0,86.0,201912,5.0,165.92,0,2019,2616260000.0
669,1070000000,1070000000,100,14.0,12.0,201912,8.0,148.22,0,2019,1073500000.0
670,760000000,760000000,100,15.0,142.0,201912,2.0,84.78,0,2018,806999990.0
671,133600000,167000000,80,2.0,168.0,201912,4.0,27.19,0,2019,133700000.0
672,427000000,427000000,100,2.0,4.0,201912,8.0,84.69,0,2019,427890500.0
673,520000000,520000000,100,2.0,87.0,201912,11.0,66.7,0,2019,552899900.0
674,145600000,182000000,80,9.0,67.0,201912,8.0,46.86,0,2019,163890000.0
675,332800000,416000000,80,17.0,96.0,201912,5.0,59.87,0,2019,411800000.0
676,324000000,405000000,80,9.0,75.0,201912,3.0,84.94,1,2019,393200200.0
677,830000000,830000000,100,16.0,29.0,201912,18.0,114.98,0,2019,870000000.0
678,700000000,700000000,100,19.0,175.0,201912,3.0,84.904,0,2019,747330000.0
679,900000000,900000000,100,24.0,64.0,201912,12.0,84.92,0,2019,1029990000.0
680,1296000000,1620000000,80,23.0,176.0,201912,3.0,163.33,0,2019,1437777777.0
681,1267000000,1267000000,100,7.0,140.0,201912,15.0,130.89,1,2019,1305500000.0
682,904000000,1130000000,80,10.0,100.0,201912,3.0,84.88,0,2019,931900000.0
683,1790000000,1790000000,100,14.0,12.0,201912,9.0,115.47,0,2019,2081000000.0
684,880640000,1720000000,51,3.0,155.0,201912,2.0,159.63,0,2018,1290000000.0
685,131200000,205000000,64,1.0,3.0,201912,5.0,40.06,1,2019,165100000.0
686,556800000,870000000,64,1.0,95.0,201912,2.0,191.28,1,2019,625680000.0
687,825000000,825000000,100,2.0,101.0,201912,6.0,84.99,0,2019,840000000.0
688,620000000,620000000,100,6.0,81.0,201912,1.0,84.96,0,2019,635000000.0
689,838000000,838000000,100,21.0,45.0,201912,7.0,136.24,0,2018,1034999999.0
690,920000000,1150000000,80,10.0,14.0,201912,2.0,128.81,0,2018,1111500000.0
691,271000000,271000000,100,10.0,14.0,201912,4.0,56.88,0,2019,275110000.0
692,1440000000,1440000000,100,11.0,141.0,201912,23.0,161.08,1,2019,1580090000.0
693,111200000,139000000,80,5.0,8.0,201912,9.0,13.41,0,2019,128050803.0
694,111200000,139000000,80,5.0,8.0,201912,10.0,13.41,0,2019,128046800.0
695,1277000000,1277000000,100,7.0,140.0,201912,8.0,130.89,0,2019,1283460000.0
696,532000000,532000000,100,12.0,177.0,201912,2.0,84.97,0,2019,542900000.0
697,422400000,528000000,80,12.0,18.0,201912,13.0,114.95,0,2019,528500000.0
698,504000000,630000000,80,1.0,95.0,201912,6.0,171.72,0,2018,595955000.0
699,641000000,641000000,100,1.0,3.0,201912,15.0,84.9,0,2019,721503000.0
700,272000000,340000000,80,2.0,168.0,201912,4.0,84.23,0,2019,315500000.0
701,357600000,447000000,80,1.0,3.0,201912,8.0,72.34,1,2019,402990000.0
702,340800000,426000000,80,2.0,144.0,201912,18.0,59.73,0,2019,408999000.0
703,463000000,463000000,100,0.0,82.0,201912,2.0,42.45,1,2019,470000100.0
704,542000000,542000000,100,11.0,114.0,201911,5.0,84.74,1,2019,563750000.0
705,290000000,290000000,100,8.0,149.0,201911,2.0,58.59,1,2018,374529810.0
706,575000000,575000000,100,20.0,37.0,201911,22.0,58.42,0,2019,575199000.0
707,494000000,494000000,100,21.0,110.0,201911,16.0,43.2,0,2019,532222222.0
708,840000000,840000000,100,17.0,96.0,201911,4.0,84.77,1,2019,851001000.0
709,1480000000,1480000000,100,21.0,38.0,201911,30.0,84.79,0,2019,1744500000.0
710,971000000,971000000,100,0.0,152.0,201911,17.0,84.42,0,2019,1080020000.0
711,1170000000,1170000000,100,21.0,46.0,201911,12.0,84.973,0,2019,1205590000.0
712,245000000,245000000,100,18.0,130.0,201911,1.0,70.93,0,2019,255000000.0
713,386000000,386000000,100,17.0,28.0,201911,12.0,59.76,0,2019,388111000.0
714,1840000000,2300000000,80,15.0,42.0,201911,29.0,137.24,0,2018,2259000000.0
715,250000000,250000000,100,23.0,178.0,201911,7.0,59.01,0,2019,251000100.0
716,790000000,790000000,100,15.0,139.0,201911,6.0,42.44,1,2019,842008100.0
717,1240000000,1240000000,100,7.0,43.0,201911,8.0,124.67,0,2019,1383999000.0
718,262800000,328500000,80,22.0,76.0,201911,4.0,42.47,1,2018,499996597.0
719,246400000,308000000,80,9.0,67.0,201911,10.0,70.62,0,2019,286440200.0
720,590000000,590000000,100,17.0,51.0,201911,4.0,114.82,0,2019,598500000.0
721,1160000000,1160000000,100,20.0,126.0,201911,5.0,121.66,1,2019,1178000000.0
722,168000000,210000000,80,17.0,28.0,201911,2.0,25.09,0,2019,195302678.0
723,505000000,505000000,100,10.0,84.0,201911,9.0,59.67,0,2018,541190000.0
724,1312000000,1640000000,80,15.0,109.0,201911,8.0,49.98,0,2018,1815000000.0
725,1360000000,1700000000,80,23.0,179.0,201911,11.0,174.55,0,2019,1657999999.0
726,310000000,310000000,100,13.0,17.0,201911,10.0,59.9,0,2019,343599999.0
727,608000000,760000000,80,5.0,34.0,201911,18.0,114.75,0,2018,736700000.0
728,795000000,795000000,100,2.0,87.0,201911,4.0,84.99,1,2019,810000000.0
729,361600000,452000000,80,1.0,95.0,201911,9.0,84.91799999999998,0,2019,460000000.0
730,767000000,767000000,100,2.0,104.0,201911,8.0,134.83,0,2019,831000000.0
731,460000000,460000000,100,18.0,30.0,201911,2.0,40.24,1,2018,488750000.0
732,442400000,553000000,80,9.0,54.0,201911,1.0,118.03,0,2018,513850000.0
733,488000000,610000000,80,9.0,54.0,201911,10.0,84.93,0,2018,570336600.0
734,798000000,798000000,100,21.0,110.0,201911,2.0,116.965,0,2019,945810000.0
735,273000000,273000000,100,22.0,47.0,201911,2.0,74.37,0,2019,333115000.0
737,864000000,1080000000,80,15.0,98.0,201911,7.0,151.05,0,2019,1043800000.0
738,1050000000,1050000000,100,15.0,139.0,201911,3.0,115.89,0,2019,1188999001.0
739,2000000000,2500000000,80,7.0,86.0,201911,22.0,205.07,0,2018,2461100000.0
740,620000000,775000000,80,24.0,102.0,201911,4.0,114.69,0,2018,801018500.0
741,171000000,171000000,100,4.0,180.0,201911,11.0,12.1,1,2019,182600000.0
742,570000000,570000000,100,12.0,99.0,201911,2.0,84.98,0,2019,618600000.0
743,499200000,780000000,64,22.0,47.0,201911,3.0,165.28,0,2018,565000000.0
744,647000000,647000000,100,0.0,68.0,201911,5.0,81.02,0,2018,678999900.0
745,319000000,319000000,100,8.0,149.0,201911,3.0,59.76,0,2018,391110000.0
746,570000000,570000000,100,21.0,61.0,201911,5.0,81.03,0,2018,586660000.0
747,950000000,950000000,100,11.0,118.0,201910,13.0,120.694,0,2019,981000000.0
748,1712000000,2140000000,80,14.0,12.0,201910,37.0,177.48,0,2019,2510000000.0
749,277000000,277000000,100,1.0,95.0,201910,7.0,65.01,1,2018,313000000.0
750,716000000,716000000,100,11.0,118.0,201910,19.0,114.87,0,2019,729999999.0
751,280000000,350000000,80,10.0,84.0,201910,1.0,83.31,0,2019,315388327.0
752,390400000,488000000,80,22.0,118.0,201910,13.0,40.36,0,2018,461899990.0
753,856000000,1070000000,80,22.0,41.0,201910,1.0,133.65,1,2018,1250013000.0
754,1127000000,1127000000,100,18.0,30.0,201910,11.0,186.65,1,2019,1172999990.0
755,766000000,766000000,100,22.0,76.0,201910,5.0,82.94,0,2019,786710000.0
756,390000000,390000000,100,5.0,8.0,201910,6.0,84.15,1,2019,395500000.0
757,148000000,185000000,80,6.0,81.0,201910,5.0,59.16,0,2018,150200100.0
758,1472000000,1840000000,80,7.0,129.0,201910,10.0,80.4,1,2018,2168880000.0
759,520000000,650000000,80,12.0,16.0,201910,12.0,73.68,0,2019,565100000.0
760,628000000,628000000,100,10.0,83.0,201910,13.0,84.93,0,2019,644100000.0
761,610000000,610000000,100,14.0,72.0,201910,5.0,84.99,0,2019,664886000.0
762,296000000,370000000,80,9.0,67.0,201910,3.0,84.89,0,2019,308998000.0
763,896000000,896000000,100,10.0,19.0,201910,16.0,84.99,0,2018,935000000.0
764,289600000,362000000,80,14.0,12.0,201910,4.0,65.4,0,2019,341000000.0
765,1667000000,1667000000,100,7.0,86.0,201910,37.0,138.96,1,2019,1713999999.0
766,616000000,770000000,80,21.0,38.0,201910,22.0,84.11,0,2018,616000000.0
767,1289600000,1612000000,80,21.0,111.0,201910,10.0,84.82,0,2018,1289600000.0
768,1600800000,2001000000,80,21.0,111.0,201910,8.0,110.12,0,2018,1600800000.0
769,510400000,638000000,80,17.0,57.0,201910,11.0,84.77,0,2019,591200200.0
770,255200000,319000000,80,17.0,96.0,201910,4.0,44.1,0,2019,293703300.0
771,813000000,813000000,100,23.0,181.0,201910,24.0,111.73,0,2018,900000000.0
772,1400000000,1750000000,80,7.0,43.0,201910,3.0,224.5,0,2018,1400000000.0
773,268800000,336000000,80,1.0,95.0,201910,1.0,84.98,0,2018,268800000.0
774,304000000,380000000,80,6.0,166.0,201910,5.0,82.8,0,2018,304000000.0
775,302400000,378000000,80,2.0,50.0,201910,11.0,59.982,0,2019,302400000.0
776,407500000,407500000,100,10.0,84.0,201910,6.0,67.44,1,2019,407500000.0
777,664000000,830000000,80,11.0,15.0,201910,2.0,84.90799999999999,0,2019,664000000.0
778,613600000,767000000,80,20.0,115.0,201910,4.0,128.57,0,2018,613600000.0
779,177600000,222000000,80,22.0,70.0,201910,1.0,41.91,0,2018,177600000.0
780,1304000000,1630000000,80,18.0,107.0,201910,2.0,162.41,0,2019,1304000000.0
781,484000000,484000000,100,8.0,40.0,201910,22.0,115.84,0,2019,531000000.0
782,342400000,428000000,80,17.0,96.0,201910,6.0,84.78,0,2019,435000000.0
783,1592000000,1990000000,80,3.0,155.0,201910,9.0,164.76,0,2018,1632000000.0
784,420000000,420000000,100,3.0,25.0,201910,1.0,85.95,0,2018,430130000.0
785,470000000,470000000,100,1.0,132.0,201910,7.0,59.59,0,2018,521380000.0
786,306000000,306000000,100,2.0,87.0,201910,1.0,84.95,0,2019,331000000.0
787,726000000,726000000,100,18.0,30.0,201909,19.0,114.97,0,2018,831777000.0
788,456000000,570000000,80,8.0,40.0,201909,7.0,84.99,0,2018,456000000.0
789,1168000000,1460000000,80,21.0,111.0,201909,6.0,59.96,0,2018,1168000000.0
790,900000000,900000000,100,21.0,110.0,201909,17.0,114.76,0,2018,988822000.0
791,297600000,372000000,80,17.0,77.0,201909,11.0,78.68,0,2019,345190000.0
792,244800000,306000000,80,17.0,28.0,201909,5.0,59.4,0,2019,284800000.0
793,452800000,566000000,80,9.0,67.0,201909,13.0,126.89,0,2019,521799999.0
794,1920000000,1920000000,100,7.0,43.0,201909,5.0,216.36,0,2018,1921000000.0
795,1220000000,1220000000,100,18.0,30.0,201909,2.0,137.45,0,2018,1222000000.0
796,280000000,350000000,80,20.0,37.0,201909,9.0,59.78,0,2018,280000000.0
797,806400000,1260000000,64,19.0,53.0,201909,16.0,170.45,0,2018,806400000.0
798,260000000,260000000,100,17.0,57.0,201909,6.0,39.78,0,2019,260000000.0
799,590400000,738000000,80,24.0,125.0,201909,1.0,84.88,0,2018,590400000.0
800,1210000000,1210000000,100,7.0,86.0,201909,2.0,156.98,0,2018,1211500000.0
801,1208000000,1510000000,80,23.0,179.0,201909,7.0,148.09,0,2018,1208000000.0
802,1040000000,1040000000,100,24.0,102.0,201909,8.0,84.84700000000002,0,2019,1069878000.0
803,1050000000,1050000000,100,24.0,102.0,201909,8.0,84.96,0,2019,1058750000.0
804,1010000000,1010000000,100,24.0,102.0,201909,5.0,84.98299999999998,0,2019,1038000000.0
805,1950000000,1950000000,100,7.0,43.0,201909,9.0,164.97,0,2018,2235500000.0
806,181000000,181000000,100,10.0,65.0,201909,6.0,29.67,0,2018,184000000.0
807,476800000,596000000,80,12.0,99.0,201909,8.0,114.93,0,2019,596010000.0
808,264000000,330000000,80,20.0,37.0,201909,9.0,51.07,0,2019,264000000.0
809,760000000,950000000,80,17.0,96.0,201909,5.0,115.47,0,2019,760000000.0
810,348800000,436000000,80,9.0,67.0,201909,1.0,126.89,0,2019,348800000.0
811,176800000,221000000,80,17.0,77.0,201909,13.0,34.44,0,2019,207460000.0
812,236000000,295000000,80,13.0,17.0,201909,8.0,61.23,0,2018,270490000.0
813,339200000,424000000,80,14.0,12.0,201909,6.0,83.09,0,2019,412999999.0
814,2100000000,2100000000,100,15.0,44.0,201909,1.0,141.21,0,2018,2112200000.0
815,244000000,305000000,80,17.0,77.0,201909,7.0,49.5,0,2018,311700000.0
816,880000000,1100000000,80,21.0,45.0,201909,5.0,133.76,0,2018,880000000.0
817,188000000,235000000,80,17.0,51.0,201909,10.0,39.7,0,2019,188000000.0
818,328000000,410000000,80,17.0,51.0,201909,13.0,84.99,0,2019,373333333.0
819,70000000,87500000,80,8.0,40.0,201909,4.0,13.79,1,2019,75380000.0
820,632800000,791000000,80,24.0,78.0,201908,23.0,120.59,0,2018,632800000.0
821,783000000,783000000,100,11.0,182.0,201908,6.0,84.93,0,2019,826640000.0
822,229000000,229000000,100,12.0,99.0,201908,5.0,59.87,0,2019,231000000.0
823,573000000,573000000,100,2.0,87.0,201908,8.0,84.99600000000002,0,2018,573000000.0
824,454000000,454000000,100,2.0,144.0,201908,5.0,84.93,0,2018,475897000.0
825,456000000,570000000,80,1.0,2.0,201908,11.0,84.95,0,2018,456000000.0
826,600000000,600000000,100,3.0,183.0,201908,3.0,71.77,0,2018,620000000.0
827,161280000,315000000,51,14.0,20.0,201908,15.0,84.75,0,2018,161280000.0
829,536000000,670000000,80,11.0,118.0,201908,7.0,84.91,0,2019,536000000.0
830,784000000,980000000,80,22.0,118.0,201908,14.0,126.43,0,2018,784000000.0
831,480000000,600000000,80,22.0,76.0,201908,9.0,111.4,0,2018,480000000.0
832,163000000,163000000,100,9.0,13.0,201908,6.0,35.1,0,2018,175225000.0
833,374400000,468000000,80,16.0,29.0,201908,5.0,59.98,0,2019,374400000.0
834,264000000,330000000,80,14.0,20.0,201908,4.0,84.95,1,2018,295111100.0
835,332000000,332000000,100,10.0,65.0,201908,7.0,66.98,0,2019,351170000.0
836,416000000,520000000,80,12.0,18.0,201908,22.0,84.87,0,2018,416000000.0
837,176640000,276000000,64,14.0,20.0,201908,12.0,50.67,0,2018,176640000.0
838,291499000,364373500,80,7.0,154.0,201908,5.0,49.21,0,2018,333000000.0
839,104000000,130000000,80,11.0,21.0,201908,9.0,15.537,0,2018,104000000.0
840,220800000,276000000,80,9.0,54.0,201908,7.0,74.59,0,2018,220800000.0
841,320800000,401000000,80,17.0,51.0,201908,1.0,59.82,0,2018,320800000.0
842,465600000,582000000,80,20.0,37.0,201908,4.0,64.85,0,2018,465600000.0
843,425000000,425000000,100,8.0,12.0,201908,12.0,84.975,0,2018,442198000.0
844,440000000,440000000,100,9.0,54.0,201908,9.0,59.39,0,2019,483000000.0
845,1040000000,1300000000,80,7.0,129.0,201908,10.0,52.32,0,2018,1040000000.0
846,872000000,1090000000,80,22.0,76.0,201908,1.0,133.97,0,2018,872000000.0
847,845000000,845000000,100,21.0,110.0,201908,8.0,116.965,0,2018,853990000.0
848,140000000,175000000,80,21.0,128.0,201908,11.0,24.27,0,2018,140000000.0
849,780000000,780000000,100,15.0,184.0,201908,2.0,113.04,0,2018,780000000.0
850,595000000,595000000,100,11.0,182.0,201908,9.0,59.26,0,2018,683770000.0
851,450400000,563000000,80,15.0,42.0,201908,9.0,28.2,0,2018,450400000.0
852,319200000,399000000,80,10.0,14.0,201908,7.0,76.23,0,2018,371555500.0
853,599200000,749000000,80,21.0,45.0,201908,5.0,84.8,0,2018,599200000.0
854,443200000,554000000,80,0.0,185.0,201908,8.0,84.99,0,2018,443200000.0
855,175600000,219500000,80,19.0,31.0,201908,8.0,47.295,0,2018,175600000.0
856,440800000,551000000,80,22.0,76.0,201908,3.0,78.19,0,2018,440800000.0
857,904000000,1130000000,80,21.0,45.0,201908,5.0,143.02,0,2018,904000000.0
858,413000000,413000000,100,17.0,51.0,201908,6.0,68.86,0,2018,505389700.0
859,325120000,508000000,64,19.0,31.0,201908,9.0,104.65,0,2018,325120000.0
860,288000000,360000000,80,19.0,31.0,201908,5.0,59.98,0,2018,288000000.0
861,347000000,347000000,100,16.0,101.0,201908,3.0,59.22,0,2019,350111000.0
862,816000000,1020000000,80,24.0,102.0,201907,3.0,84.84700000000002,0,2019,816000000.0
863,816000000,1020000000,80,24.0,102.0,201907,3.0,84.98299999999998,0,2019,816000000.0
864,816000000,1020000000,80,24.0,102.0,201907,4.0,84.84700000000002,0,2019,816000000.0
865,816000000,1020000000,80,24.0,102.0,201907,4.0,84.98299999999998,0,2019,816000000.0
866,864000000,1080000000,80,24.0,102.0,201907,6.0,84.84700000000002,0,2019,864000000.0
867,904000000,1130000000,80,24.0,102.0,201907,16.0,84.84700000000002,0,2019,904000000.0
868,864000000,1080000000,80,24.0,102.0,201907,6.0,84.96,0,2019,864000000.0
869,864000000,1080000000,80,24.0,102.0,201907,8.0,84.96,0,2019,864000000.0
870,864000000,1080000000,80,24.0,102.0,201907,11.0,84.96,0,2019,864000000.0
871,816000000,1020000000,80,24.0,102.0,201907,4.0,84.98299999999998,0,2019,816000000.0
872,904000000,1130000000,80,24.0,102.0,201907,14.0,84.84700000000002,0,2019,904000000.0
873,816000000,1020000000,80,24.0,102.0,201907,3.0,84.72399999999998,0,2019,816000000.0
874,816000000,1020000000,80,24.0,102.0,201907,5.0,84.72399999999998,0,2019,816000000.0
875,256000000,400000000,64,17.0,28.0,201907,8.0,76.78,0,2018,313800000.0
876,392000000,490000000,80,20.0,170.0,201907,2.0,59.99,0,2018,392000000.0
877,332000000,415000000,80,17.0,77.0,201907,10.0,59.38,0,2019,332000000.0
878,144000000,180000000,80,8.0,12.0,201907,12.0,27.0,0,2019,144000000.0
879,544000000,680000000,80,19.0,53.0,201907,15.0,114.752,0,2019,544000000.0
880,341120000,533000000,64,1.0,3.0,201907,6.0,152.3,0,2018,341120000.0
881,773000000,773000000,100,7.0,140.0,201907,2.0,52.47,0,2018,773000000.0
882,599200000,749000000,80,10.0,65.0,201907,2.0,134.61,0,2018,683999999.0
883,176000000,220000000,80,14.0,20.0,201907,5.0,58.22,0,2018,190150000.0
884,912000000,1140000000,80,22.0,41.0,201907,11.0,133.65,0,2018,912000000.0
885,208000000,208000000,100,9.0,75.0,201907,1.0,71.27,0,2018,210079000.0
886,322400000,403000000,80,17.0,51.0,201907,11.0,49.94,0,2018,322400000.0
887,248000000,310000000,80,17.0,96.0,201907,8.0,44.1,0,2018,248000000.0
888,344000000,344000000,100,9.0,67.0,201907,16.0,84.98,0,2019,361000000.0
889,529600000,662000000,80,18.0,30.0,201907,5.0,125.28,0,2019,529600000.0
890,240000000,240000000,100,17.0,57.0,201907,10.0,39.92,0,2019,271200000.0
891,1976000000,2470000000,80,15.0,42.0,201907,2.0,134.902,0,2018,1976000000.0
892,372000000,372000000,100,2.0,63.0,201907,9.0,59.4,0,2018,384988100.0
893,43200000,54000000,80,14.0,20.0,201907,3.0,16.37,0,2018,43330000.0
894,264800000,331000000,80,8.0,40.0,201907,2.0,110.11,0,2018,264800000.0
895,823200000,1029000000,80,22.0,47.0,201907,12.0,142.09,0,2018,900000000.0
896,1696000000,2120000000,80,18.0,107.0,201907,4.0,196.0,0,2018,1840000000.0
897,373600000,467000000,80,9.0,67.0,201907,1.0,114.988,0,2018,373600000.0
898,160000000,200000000,80,22.0,70.0,201907,10.0,29.95,0,2018,183900000.0
899,420000000,420000000,100,8.0,40.0,201907,1.0,84.84899999999998,0,2019,445190000.0
900,311680000,487000000,64,10.0,14.0,201907,7.0,84.92,0,2018,426110000.0
901,313600000,490000000,64,2.0,186.0,201907,7.0,90.69,0,2018,342324000.0
902,289600000,362000000,80,12.0,18.0,201907,5.0,84.19,0,2018,352300000.0
903,832000000,832000000,100,24.0,102.0,201907,4.0,114.68,0,2018,957999990.0
904,508000000,508000000,100,15.0,50.0,201907,1.0,63.486,0,2018,511150000.0
905,260000000,325000000,80,13.0,17.0,201907,14.0,59.34,0,2018,293585000.0
906,470400000,588000000,80,10.0,83.0,201907,3.0,84.74,0,2018,571000000.0
907,278400000,348000000,80,2.0,101.0,201907,5.0,52.92,0,2019,300000000.0
908,240800000,301000000,80,10.0,65.0,201907,5.0,57.15,0,2019,285899900.0
909,584000000,730000000,80,18.0,151.0,201907,5.0,84.99700000000001,0,2018,709999999.0
910,390000000,390000000,100,9.0,75.0,201907,7.0,114.79,0,2018,400000000.0
911,317600000,397000000,80,5.0,8.0,201906,12.0,83.21,0,2018,423810000.0
912,390000000,390000000,100,5.0,11.0,201906,3.0,84.9,0,2018,403660000.0
913,2080000000,2600000000,80,15.0,139.0,201906,15.0,207.82,0,2018,2890870000.0
914,369600000,462000000,80,0.0,153.0,201906,7.0,108.53,0,2018,369600000.0
915,264000000,330000000,80,9.0,67.0,201906,3.0,84.82,0,2018,341000000.0
916,398400000,498000000,80,19.0,31.0,201906,5.0,59.98,0,2018,465100000.0
917,260800000,326000000,80,20.0,37.0,201906,9.0,59.93,0,2018,287139900.0
918,809000000,809000000,100,21.0,45.0,201906,19.0,84.69,0,2018,809000000.0
919,700000000,700000000,100,21.0,45.0,201906,13.0,59.94,0,2018,700000000.0
920,483200000,604000000,80,16.0,29.0,201906,1.0,114.88,0,2018,516879000.0
921,408800000,511000000,80,17.0,51.0,201906,16.0,84.491,0,2018,424910000.0
922,540000000,540000000,100,19.0,39.0,201906,1.0,84.98,0,2019,599990000.0
923,1304000000,1630000000,80,15.0,139.0,201906,10.0,152.25,0,2018,1618118000.0
924,134400000,210000000,64,5.0,34.0,201906,2.0,60.96,0,2018,200330000.0
925,1040000000,1300000000,80,7.0,187.0,201906,15.0,84.48,0,2018,1131295070.0
926,344800000,431000000,80,12.0,16.0,201906,3.0,66.85,0,2018,452550000.0
927,129024000,315000000,41,1.0,95.0,201906,12.0,64.26,0,2018,139991914.0
928,516000000,645000000,80,5.0,34.0,201906,1.0,84.98,0,2018,613450000.0
929,609600000,762000000,80,15.0,50.0,201906,3.0,78.51,0,2018,662889999.0
930,476000000,595000000,80,0.0,68.0,201906,18.0,59.82,0,2018,614100000.0
931,212000000,265000000,80,9.0,54.0,201906,15.0,36.16,0,2018,216199999.0
932,188800000,236000000,80,17.0,28.0,201906,8.0,49.6,0,2018,237369999.0
933,784000000,980000000,80,0.0,152.0,201906,18.0,114.86,0,2018,930109000.0
934,276000000,345000000,80,19.0,32.0,201906,6.0,69.88,0,2018,310501000.0
935,361600000,452000000,80,20.0,127.0,201906,20.0,59.13,0,2018,411990000.0
936,437600000,547000000,80,17.0,77.0,201906,13.0,117.168,0,2018,523600000.0
937,414000000,414000000,100,8.0,40.0,201906,2.0,134.94,0,2018,450112300.0
938,104000000,130000000,80,20.0,37.0,201906,6.0,18.35,0,2019,111330000.0
939,316000000,395000000,80,5.0,8.0,201906,6.0,83.21,0,2018,405330000.0
940,468000000,585000000,80,5.0,34.0,201906,7.0,84.84,0,2018,607000000.0
941,496000000,496000000,100,10.0,65.0,201906,7.0,84.81,0,2018,551000000.0
942,438000000,438000000,100,1.0,95.0,201906,10.0,84.78,0,2018,500190000.0
943,210000000,210000000,100,1.0,188.0,201906,1.0,26.45,0,2018,284300000.0
944,660000000,660000000,100,3.0,138.0,201906,2.0,93.36,0,2018,708998000.0
945,960000000,1200000000,80,2.0,91.0,201906,19.0,184.02,0,2018,1038000000.0
946,696000000,696000000,100,7.0,86.0,201906,6.0,65.09,0,2018,704333333.0
947,376800000,471000000,80,2.0,87.0,201906,8.0,116.43,0,2018,438500000.0
948,655000000,655000000,100,17.0,57.0,201906,6.0,138.29,0,2018,660000000.0
949,1840000000,2300000000,80,11.0,90.0,201906,40.0,190.83,0,2018,1840000000.0
950,1064000000,1330000000,80,14.0,12.0,201906,2.0,96.36,0,2018,1064000000.0
951,880000000,1100000000,80,7.0,140.0,201906,12.0,101.048,0,2018,880000000.0
952,856000000,1070000000,80,2.0,104.0,201906,13.0,166.96,0,2018,856000000.0
953,830000000,830000000,100,11.0,90.0,201906,11.0,69.9,0,2018,830000000.0
954,2528000000,3160000000,80,15.0,44.0,201906,21.0,114.15,0,2018,2528000000.0
955,515000000,515000000,100,11.0,15.0,201906,15.0,84.88,0,2018,515000000.0
956,560000000,700000000,80,0.0,82.0,201906,1.0,138.93,0,2018,560000000.0
957,900000000,900000000,100,11.0,167.0,201905,11.0,84.71,0,2018,900000000.0
958,437600000,547000000,80,10.0,83.0,201905,9.0,82.74,0,2018,437600000.0
959,946000000,946000000,100,11.0,167.0,201905,1.0,121.53,0,2019,946000000.0
960,392000000,490000000,80,19.0,31.0,201905,12.0,85.0,0,2018,392000000.0
961,300000000,300000000,100,8.0,27.0,201905,4.0,57.66,0,2018,300000000.0
962,1106000000,1106000000,100,18.0,30.0,201905,12.0,175.14,0,2018,1106000000.0
963,576000000,720000000,80,9.0,67.0,201905,14.0,118.381,0,2018,576000000.0
964,1980000000,1980000000,100,15.0,139.0,201905,12.0,96.32,0,2018,1980000000.0
965,295200000,369000000,80,5.0,8.0,201905,3.0,65.0,0,2018,295200000.0
966,516500000,516500000,100,15.0,139.0,201905,2.0,54.49,1,2018,516500000.0
967,582400000,728000000,80,10.0,14.0,201905,15.0,85.0,0,2018,582400000.0
968,228480000,357000000,64,12.0,99.0,201905,4.0,103.98,0,2018,228480000.0
969,309600000,387000000,80,12.0,16.0,201905,7.0,84.97,0,2018,309600000.0
970,960000000,1500000000,64,14.0,72.0,201905,12.0,108.28,0,2018,960000000.0
971,615200000,769000000,80,24.0,125.0,201905,17.0,84.88,0,2018,615200000.0
972,299200000,374000000,80,12.0,33.0,201905,13.0,52.45,0,2018,299200000.0
973,254400000,318000000,80,13.0,17.0,201905,10.0,59.34,0,2018,254400000.0
974,312800000,391000000,80,22.0,47.0,201905,5.0,74.51,0,2018,312800000.0
975,568000000,710000000,80,21.0,45.0,201905,11.0,59.92,0,2018,568000000.0
976,710000000,710000000,100,17.0,96.0,201905,5.0,84.9,0,2018,710000000.0
977,184000000,230000000,80,9.0,54.0,201905,2.0,57.18,0,2018,184000000.0
978,616000000,770000000,80,21.0,111.0,201905,1.0,42.4,0,2018,616000000.0
979,1310000000,1310000000,100,21.0,38.0,201905,4.0,75.77,0,2018,1310000000.0
980,290000000,290000000,100,16.0,101.0,201905,7.0,59.43,0,2018,290000000.0
981,249600000,312000000,80,8.0,12.0,201905,4.0,59.94,0,2018,249600000.0
982,427000000,427000000,100,8.0,12.0,201905,3.0,83.08,0,2019,427000000.0
983,308800000,386000000,80,12.0,16.0,201905,13.0,59.97,0,2018,308800000.0
984,2480000000,3100000000,80,15.0,139.0,201905,16.0,213.435,0,2018,2480000000.0
985,560000000,560000000,100,2.0,186.0,201905,11.0,84.99,0,2018,575999999.0
986,584000000,730000000,80,2.0,144.0,201905,6.0,141.04,1,2018,700320000.0
987,139520000,218000000,64,20.0,37.0,201905,1.0,40.59,0,2018,181277000.0
988,443000000,443000000,100,17.0,28.0,201905,19.0,84.65899999999998,0,2018,443000000.0
989,418400000,523000000,80,17.0,51.0,201905,14.0,84.78,0,2018,418400000.0
990,720000000,900000000,80,24.0,125.0,201905,28.0,114.75,0,2018,772990000.0
991,785000000,785000000,100,20.0,37.0,201905,14.0,133.72,0,2018,786300000.0
992,196480000,307000000,64,12.0,99.0,201905,3.0,82.98,0,2018,260789000.0
993,446400000,558000000,80,14.0,12.0,201905,2.0,84.197,0,2018,506400000.0
994,329600000,412000000,80,10.0,84.0,201904,8.0,61.86,0,2018,379900000.0
995,843200000,1054000000,80,14.0,12.0,201904,8.0,119.16,0,2018,985100000.0
996,311200000,389000000,80,13.0,137.0,201904,18.0,84.65,0,2018,341011990.0
997,762400000,953000000,80,15.0,184.0,201904,1.0,145.68,0,2018,909999999.0
998,880000000,1100000000,80,14.0,72.0,201904,13.0,71.4,0,2018,900000000.0
999,734000000,734000000,100,19.0,32.0,201904,16.0,114.99,0,2018,764100000.0
1000,398000000,398000000,100,24.0,143.0,201904,11.0,59.96,0,2018,405100000.0
1001,1075200000,1680000000,64,15.0,23.0,201904,5.0,97.05,0,2018,1210000000.0
1002,1672000000,2090000000,80,15.0,109.0,201904,3.0,82.5,0,2018,1840000000.0
1003,568000000,710000000,80,12.0,33.0,201904,7.0,84.82,0,2018,685110000.0
1004,301000000,301000000,100,17.0,51.0,201904,13.0,54.59,0,2018,306990000.0
1005,87200000,109000000,80,16.0,26.0,201904,10.0,12.01,0,2018,88100000.0
1006,441000000,441000000,100,17.0,77.0,201904,24.0,84.97,0,2018,445190000.0
1007,872000000,1090000000,80,4.0,189.0,201904,3.0,84.82,0,2018,1080000000.0
1008,320000000,400000000,80,8.0,190.0,201904,9.0,84.9,0,2018,371700000.0
1009,1130000000,1130000000,100,4.0,89.0,201903,14.0,114.87,0,2018,1205500000.0
1010,237600000,297000000,80,2.0,122.0,201903,5.0,84.06,0,2018,290010000.0
1011,1439200000,1799000000,80,7.0,86.0,201903,1.0,164.83,0,2018,1600000000.0
1012,360000000,360000000,100,13.0,17.0,201903,9.0,53.75,0,2018,371320000.0
1013,269000000,269000000,100,14.0,72.0,201903,5.0,48.96,0,2018,321110000.0
1014,272000000,272000000,100,13.0,137.0,201903,4.0,59.95,0,2018,291000000.0
1015,614000000,614000000,100,10.0,19.0,201903,2.0,84.99,0,2018,623190000.0
1016,133600000,167000000,80,11.0,118.0,201903,3.0,42.78,0,2018,143678700.0
1017,760000000,950000000,80,18.0,30.0,201903,10.0,185.04,0,2018,857300000.0
1018,563200000,704000000,80,0.0,153.0,201903,18.0,84.93,0,2018,705110000.0
1019,113280000,177000000,64,12.0,16.0,201903,2.0,59.94,0,2018,160000000.0
1020,421000000,421000000,100,5.0,34.0,201903,3.0,83.44,0,2018,430100000.0
1021,1277600000,1597000000,80,14.0,12.0,201903,1.0,126.02,0,2018,1502600000.0
1022,646000000,646000000,100,7.0,86.0,201903,6.0,81.18,0,2018,680000000.0
1023,1840000000,2300000000,80,7.0,10.0,201903,26.0,84.85,0,2018,2309000000.0
1024,596800000,746000000,80,12.0,33.0,201903,15.0,84.789,0,2018,724810000.0
1025,622400000,778000000,80,20.0,135.0,201903,5.0,114.89,0,2018,723900000.0
1026,680800000,851000000,80,5.0,34.0,201902,13.0,219.51,0,2018,735579000.0
1027,282400000,353000000,80,2.0,186.0,201902,2.0,74.29,0,2018,283500000.0
1028,228000000,228000000,100,2.0,122.0,201902,1.0,76.34,0,2018,240880000.0
1029,430400000,538000000,80,2.0,122.0,201902,5.0,113.92,0,2018,517355900.0
1030,268800000,336000000,80,13.0,137.0,201902,25.0,105.09,0,2018,310999999.0
1031,343200000,429000000,80,5.0,34.0,201902,2.0,84.98,0,2018,419190000.0
1032,272000000,340000000,80,17.0,51.0,201902,10.0,59.67,0,2018,323550000.0
1033,495000000,495000000,100,12.0,99.0,201901,13.0,84.915,0,2018,545170000.0
1034,540000000,675000000,80,11.0,33.0,201901,11.0,126.325,0,2018,630100000.0
1035,459000000,459000000,100,17.0,77.0,201901,14.0,114.17,0,2018,459100000.0
1036,180000000,180000000,100,17.0,77.0,201901,2.0,27.0,0,2018,189620000.0
1037,197600000,247000000,80,5.0,8.0,201901,12.0,30.0,0,2018,223490000.0
1038,567000000,567000000,100,19.0,192.0,201901,12.0,152.25,0,2018,613580000.0
1039,597000000,597000000,100,12.0,99.0,201901,9.0,114.99,0,2018,630000100.0
1040,460000000,460000000,100,11.0,118.0,201901,11.0,68.88,0,2018,525000000.0
1041,68480000,107000000,64,16.0,26.0,201812,5.0,12.01,0,2018,88810000.0
1042,69760000,109000000,64,16.0,26.0,201812,11.0,12.02,0,2018,90470000.0
1043,436000000,436000000,100,19.0,32.0,201812,5.0,84.72,0,2018,505000000.0
1044,540000000,540000000,100,19.0,192.0,201812,17.0,84.87,0,2018,563371001.0
1045,250000000,250000000,100,9.0,67.0,201812,10.0,59.88,0,2018,257234600.0
1046,233600000,292000000,80,2.0,122.0,201812,3.0,84.55,0,2018,262690000.0
1047,1264000000,1580000000,80,14.0,12.0,201812,4.0,122.35,0,2018,1587700000.0
1048,194400000,243000000,80,17.0,28.0,201812,7.0,49.77,0,2018,245470000.0
1049,1440000000,1800000000,80,23.0,54.0,201812,5.0,219.775,0,2018,1453900000.0
1050,340000000,340000000,100,10.0,65.0,201812,15.0,49.77,0,2018,373999900.0
1051,360000000,360000000,100,12.0,18.0,201811,18.0,132.68,0,2018,361390000.0
1052,664000000,664000000,100,21.0,128.0,201811,6.0,105.2,0,2018,729000000.0
1053,106400000,133000000,80,24.0,78.0,201811,3.0,13.46,0,2018,130270000.0
1054,1810000000,1810000000,100,3.0,94.0,201811,9.0,181.89,0,2018,1833000000.0
1055,542000000,542000000,100,22.0,47.0,201811,10.0,84.95,0,2018,631999999.0
1056,554000000,554000000,100,5.0,34.0,201811,11.0,114.97,0,2018,605890000.0
1057,639000000,639000000,100,4.0,7.0,201810,7.0,84.79,0,2018,766880000.0
1058,1120000000,1400000000,80,7.0,43.0,201810,17.0,149.225,0,2018,1415579000.0
1059,500000000,500000000,100,17.0,77.0,201810,2.0,114.98,0,2018,541000000.0
1060,299000000,299000000,100,19.0,79.0,201810,9.0,68.14,0,2018,306530000.0
1061,654000000,654000000,100,5.0,8.0,201810,6.0,138.64,0,2018,755100000.0
1062,577600000,722000000,80,15.0,142.0,201810,2.0,84.28,0,2018,705110000.0
1063,283000000,283000000,100,12.0,18.0,201810,4.0,81.16,0,2018,295000000.0
1064,776000000,776000000,100,4.0,7.0,201810,13.0,84.9,0,2018,853650000.0
1065,510000000,510000000,100,17.0,77.0,201810,9.0,84.709,0,2018,531998000.0
1066,260000000,260000000,100,19.0,31.0,201810,3.0,72.99,0,2018,270000000.0
1067,328000000,410000000,80,22.0,70.0,201810,18.0,59.9,0,2018,423000000.0
1068,153600000,192000000,80,9.0,54.0,201810,4.0,35.84,0,2018,159600000.0
1069,339200000,424000000,80,24.0,102.0,201810,8.0,85.63,0,2018,418110000.0
1070,864000000,864000000,100,15.0,142.0,201810,3.0,68.14,0,2018,869000000.0
1071,690000000,690000000,100,10.0,14.0,201810,1.0,125.021,0,2018,719990000.0
1072,528000000,660000000,80,10.0,121.0,201810,11.0,84.6,0,2018,588222200.0
1073,2030000000,2030000000,100,3.0,25.0,201810,11.0,124.02,0,2018,2208990000.0
1074,330000000,330000000,100,17.0,51.0,201810,5.0,59.67,0,2018,342999000.0
1075,600000000,600000000,100,4.0,7.0,201809,3.0,83.79,0,2018,740000100.0
1076,1580000000,1580000000,100,15.0,42.0,201809,13.0,173.48,0,2018,1955510000.0
1077,90240000,141000000,64,16.0,26.0,201809,5.0,27.65,0,2018,111000000.0
1078,996000000,1245000000,80,14.0,12.0,201809,2.0,106.93,0,2018,1383030000.0
1079,540000000,540000000,100,1.0,193.0,201809,7.0,84.91,0,2018,611999999.0
1080,500000000,500000000,100,19.0,39.0,201809,18.0,84.81700000000002,0,2018,556820000.0
1081,1184000000,1184000000,100,4.0,136.0,201809,14.0,156.13,0,2018,1184100000.0
1082,399000000,399000000,100,12.0,18.0,201808,17.0,113.43,0,2018,399389000.0
1083,603000000,603000000,100,14.0,72.0,201808,5.0,114.24,0,2018,630000000.0
1084,410000000,410000000,100,2.0,101.0,201808,3.0,78.8,0,2018,437816000.0
1085,416000000,416000000,100,5.0,34.0,201808,13.0,59.99,0,2018,503000000.0
1086,354000000,354000000,100,2.0,122.0,201808,3.0,85.75200000000002,0,2018,485000000.0
1087,280000000,350000000,80,9.0,67.0,201808,5.0,84.87,0,2018,318610000.0
1088,904000000,904000000,100,1.0,193.0,201807,32.0,120.95,0,2018,948998000.0
1089,580000000,580000000,100,11.0,90.0,201807,10.0,84.84,0,2018,618770000.0
1090,938000000,938000000,100,24.0,92.0,201806,3.0,120.004,0,2018,1054183200.0
1091,254000000,254000000,100,13.0,137.0,201806,7.0,59.96,0,2018,254110000.0
1092,507000000,507000000,100,19.0,194.0,201806,5.0,84.83,0,2018,535000000.0
1093,481000000,481000000,100,8.0,12.0,201805,15.0,102.634,0,2018,489000000.0
1094,500000000,500000000,100,19.0,32.0,201805,10.0,59.98,0,2018,545234600.0
