office,num,case_year,cat,addr,load_addr,dong,bunji,detail_dong,detail_ho,floor,brand,build_area,land_area,price,lowest,hammer,date,year,month,day,status,low_per,ham_per,comment
서울동부1계,2020-55340,2020,아파트,"서울특별시 성동구 성수동1가 718, 103동 29층2902호 (성수동1가,트리마제)",,서울특별시 성동구 성수동1가,718,103동,2902호,29.0,트리마제,84.5402,37.6321,3100000000,2480000000,,2021-08-02,2021,8,2,유찰1회,80,,
서울동부4계,2020-55715,2020,아파트,"서울특별시 성동구 홍익동 53, 101동 10층1005호 (홍익동,청계대주파크빌)",,서울특별시 성동구 홍익동,53,101동,1005호,10.0,청계대주파크빌,42.47,20.61,391000000,391000000,,2021-08-09,2021,8,9,신건,100,,토지및건물 지분매각
서울서부6계,2019-52798,2019,아파트,"서울특별시 서대문구 연희동 194-30, 3층비312호 (연희동,브라운스톤 연희)",,서울특별시 서대문구 연희동,194-30,,비312호,3.0,브라운스톤연희,17.01,7.396,195000000,10720000,,2021-08-10,2021,8,10,유찰13회,5,,대항력있는임차인
서울서부3계,2019-54121,2019,아파트,"서울특별시 서대문구 연희동 194-30, 3층비314호 (연희동,브라운스톤 연희)",,서울특별시 서대문구 연희동,194-30,,비314호,3.0,브라운스톤연희,16.62,7.226,190000000,13058000,,2021-08-10,2021,8,10,유찰12회,7,,대항력있는임차인
서울서부6계,2020-2843,2020,아파트,서울특별시 서대문구 홍제동  470 제일아파트 제101동 6층603호,,서울특별시 서대문구 홍제동,470,제101동,603호,6.0,470제일아파트,80.11,,478000000,478000000,,2021-08-10,2021,8,10,신건,100,,"대지권미등기,대항력있는임차인"
서울서부6계,2020-50620,2020,아파트,"서울특별시 은평구 구산동 224, 105동 2층202호 (구산동,경남아너스빌)",,서울특별시 은평구 구산동,224,105동,202호,2.0,경남아너스빌,84.69,38.885999999999996,415000000,415000000,,2021-08-10,2021,8,10,신건,100,,"선순위가등기,선순위임차권"
서울서부6계,2020-53605,2020,아파트,서울특별시 용산구 원효로4가  110-1 나동호 풍전아파트,,서울특별시 용산구 원효로4가,110-1,나동,호,2.0,110-1풍전아파트,77.65,,806000000,806000000,,2021-08-10,2021,8,10,신건,100,,"지분매각,건물전부, 토지지분"
서울서부6계,2020-54691,2020,아파트,"서울특별시 마포구 아현동 732, 101동 5층 503호 (아현동,삼환나띠르빌)",,서울특별시 마포구 아현동,732,101동,503호,5.0,삼환나띠르빌,84.9,47.228,964000000,964000000,,2021-08-10,2021,8,10,신건,100,,"공유물분할경매,대항력있는임차인"
서울서부3계,2020-55205,2020,아파트,"서울특별시 마포구 상암동 1743, 1206동 14층 1403호 (상암동,상암월드컵파크12단지)",,서울특별시 마포구 상암동,1743,1206동,1403호,14.0,상암월드컵파크12단지,57.36,51.73,566000000,566000000,,2021-08-10,2021,8,10,신건,100,,토지및건물 지분매각
서울중앙21계,2020-107934,2020,아파트,"서울특별시 관악구 신림동 1563-82, 1동 5층502호",,서울특별시 관악구 신림동,1563-82,1동,502호,5.0,1563-82,84.79,39.44,523000000,523000000,,2021-08-10,2021,8,10,신건,100,,
서울중앙2계,2019-5681,2019,아파트,서울특별시 중구 묵정동  11-2,,서울특별시 중구 묵정동,11-2,,,3.0,11-2,67.77,40.48,392000000,392000000,,2021-08-12,2021,8,12,신건,100,,대지권미등기
서울중앙2계,2020-2695,2020,아파트,"서울특별시 서초구 반포동 18-1, 128동 26층2602호 (반포동,래미안퍼스티지)",,서울특별시 서초구 반포동,18-1,128동,2602호,26.0,래미안퍼스티지,84.93,42.3503,2850000000,2850000000,,2021-08-12,2021,8,12,신건,100,,
서울중앙2계,2020-105013,2020,아파트,서울특별시 관악구 남현동  1134 예성2차그린캐슬아파트 10층1005호,,서울특별시 관악구 남현동,1134,,1005호,10.0,1134예성2차그린캐슬아파트,84.17,,305000000,305000000,,2021-08-12,2021,8,12,신건,100,,건물만매각
서울북부1계,2018-12551,2018,아파트,"서울특별시 중랑구 면목동 1527, 101동 12층1204호 (면목동,면목동신성미소지움아파트)",,서울특별시 중랑구 면목동,1527,101동,1204호,12.0,1527면목동신성미소지움아파트,80.1913,29.927,470000000,376000000,,2021-08-17,2021,8,17,유찰1회,80,,
서울서부1계,2020-2232,2020,아파트,"서울특별시 서대문구 홍제동 247-19, 제지하층",,서울특별시 서대문구 홍제동,247-19,,,-1.0,제,200.99,84.26,862000000,441344000,,2021-08-17,2021,8,17,유찰3회,51,,"대항력있는임차인,재매각"
서울북부2계,2020-104552,2020,아파트,"서울특별시 도봉구 쌍문동 711, 8층811호 (쌍문동,도봉금강아미움파크타운)",,서울특별시 도봉구 쌍문동,711,,811호,8.0,도봉금강아미움파크타운,68.2097,21.502,391000000,312800000,,2021-08-17,2021,8,17,유찰1회,80,,대항력있는임차인
서울남부5계,2020-6358,2020,아파트,"서울특별시 강서구 화곡동 1141, 제2층 제205호",,서울특별시 강서구 화곡동,1141,,205호,2.0,제제,37.08,17.904,202500000,202500000,,2021-08-18,2021,8,18,유찰,100,,토지및건물 지분매각
서울남부5계,2020-5478,2020,아파트,"서울특별시 영등포구 영등포동4가 117-7, 제7층 제705호 (영등포동4가,스퀘어뷰)",,서울특별시 영등포구 영등포동4가,117-7,,705호,7.0,스퀘어뷰,14.4,5.728,163000000,104320000,,2021-08-18,2021,8,18,유찰2회,64,,
서울남부5계,2020-6334,2020,아파트,"서울특별시 구로구 구로동 106-10, 제5층 제509호 (구로동,순영웰라이빌1차)",,서울특별시 구로구 구로동,106-10,,509호,5.0,순영웰라이빌1차,32.725,6.587999999999999,130000000,104000000,,2021-08-18,2021,8,18,유찰1회,80,,
서울남부9계,2020-113218,2020,아파트,"서울특별시 금천구 시흥동 1006, 제103동 제13층 제1302호 (시흥동, 벽산타운3단지)",,서울특별시 금천구 시흥동,1006,제103동,1302호,13.0,벽산타운3단지,59.94,27.72,400000000,320000000,,2021-08-18,2021,8,18,유찰1회,80,,
서울서부7계,2019-55278,2019,아파트,"서울특별시 서대문구 연희동 194-30, 3층비315호 (연희동,브라운스톤 연희)",,서울특별시 서대문구 연희동,194-30,,비315호,3.0,브라운스톤연희,16.93,7.3610000000000015,192000000,25770000,,2021-08-24,2021,8,24,유찰9회,13,,대항력있는임차인
서울남부1계,2020-111298,2020,아파트,"서울특별시 강서구 화곡동 1050-8, 제3층 제304호 (화곡동, 삼호파크빌)",,서울특별시 강서구 화곡동,1050-8,,304호,3.0,삼파크빌,46.32,27.44,290000000,232000000,,2021-08-24,2021,8,24,유찰1회,80,,
서울남부11계,2018-107678,2018,아파트,"서울특별시 강서구 화곡동 938-26, 6층602호 (화곡동,한경빌)",,서울특별시 강서구 화곡동,938-26,,602호,6.0,한경빌,11.21,3.31,61000000,39040000,,2021-08-25,2021,8,25,유찰2회,64,,토지및건물 지분매각
서울남부11계,2020-112383,2020,아파트,"서울특별시 구로구 고척동 335, 제101동 제3층 제301호 (고척동, 예주유니츠아파트)",,서울특별시 구로구 고척동,335,제101동,301호,3.0,예주유니츠아파트,39.15,19.58,226000000,180800000,,2021-08-25,2021,8,25,유찰1회,80,,토지및건물 지분매각
서울남부3계,2020-6600,2020,아파트,"서울특별시 강서구 가양동 1474, 제101동 제4층 제404호 (가양동,경동아파트)",,서울특별시 강서구 가양동,1474,제101동,404호,4.0,1474제제가양동아파트,131.4,63.73,1070000000,1070000000,,2021-09-01,2021,9,1,유찰,100,,
서울남부4계,2020-6488,2020,아파트,"서울특별시 강서구 화곡동 924-15, 제11층 제1102호 (화곡동,세교예지안6차)",,서울특별시 강서구 화곡동,924-15,,1102호,11.0,세교예지안6차,25.7,7.3,181000000,144800000,,2021-09-01,2021,9,1,유찰1회,80,,대항력있는임차인
서울남부3계,2020-102300,2020,아파트,"서울특별시 강서구 화곡동 351-24, 101동 4층 401호 (화곡동,푸른풍경채)",,서울특별시 강서구 화곡동,351-24,101동,401호,4.0,푸른풍경채,29.51,19.4,261000000,208800000,,2021-09-01,2021,9,1,유찰4회,80,,대항력있는임차인
서울남부4계,2020-105132,2020,아파트,"서울특별시 금천구 시흥동 801-3, 4층 402호 (시흥동,가온빌리지)",,서울특별시 금천구 시흥동,801-3,,402호,4.0,가온빌리지,29.74,18.6,178000000,91136000,,2021-09-01,2021,9,1,유찰3회,51,,"대항력있는임차인,형식적경매"
서울남부3계,2020-5706,2020,아파트,"서울특별시 양천구 신월동 98-9, 제2층 제202호 (신월동,하나하이츠)",,서울특별시 양천구 신월동,98-9,0,202호,2.0,하나하이츠,53.58,30.72,212000000,135680000,188100000.0,2021-07-21,2021,7,21,매각,64,89.0,
서울남부4계,2020-110424,2020,아파트,"서울특별시 영등포구 영등포동1가 75-4, 제9층 제902호 (영등포동1가, 메트로가든)",,서울특별시 영등포구 영등포동1가,75-4,0,902호,9.0,메트로가든,12.97,5.22,143000000,114400000,120660000.0,2021-07-14,2021,7,14,매각,80,84.0,선순위전세권
서울서부1계,2020-3808,2020,아파트,"서울특별시 마포구 서교동 490, 아파트동 14층101동1406호 (서교동,메세나폴리스)",,서울특별시 마포구 서교동,490,아파트동,1406호,14.0,메세나폴리스,142.034,26.39,1733000000,1733000000,1869999999.0,2021-07-13,2021,7,13,매각,100,108.0,법정지상권
서울중앙2계,2020-1845,2020,아파트,"서울특별시 강남구 청담동 69-18, 101동 12층1203호 (청담동,청담동양파라곤)",,서울특별시 강남구 청담동,69-18,101동,1203호,12.0,69-18청담동양파라곤,171.1005,87.666,3440000000,3440000000,3953999000.0,2021-07-08,2021,7,8,매각,100,115.0,
서울중앙2계,2020-101356,2020,아파트,"서울특별시 서초구 반포동 88-4, 2층 202호 (반포동,서래아르드빌)",,서울특별시 서초구 반포동,88-4,0,202호,2.0,서래아르드빌,200.4,86.73,1860000000,1190400000,1595000000.0,2021-07-08,2021,7,8,매각,64,86.0,
서울서부6계,2020-3426,2020,아파트,"서울특별시 마포구 망원동 412-19, 5층501호 (망원동,뉴서울아파트)",,서울특별시 마포구 망원동,412-19,0,501호,5.0,뉴서울아파트,53.01,25.43,340000000,340000000,430100000.0,2021-07-06,2021,7,6,매각,100,127.0,
서울서부3계,2020-3471,2020,아파트,"서울특별시 용산구 이촌동 300-10, 8층802호",,서울특별시 용산구 이촌동,300-10,0,802호,8.0,,177.62,33.058,1620000000,1620000000,1700000000.0,2021-07-06,2021,7,6,매각,100,105.0,
서울북부3계,2020-4324,2020,아파트,"서울특별시 강북구 수유동 733, 9층917호 (수유동,하이시티)",,서울특별시 강북구 수유동,733,0,917호,9.0,하이시티,12.19,3.09,110000000,70400000,91336000.0,2021-07-05,2021,7,5,매각,64,83.0,
서울북부3계,2020-5662,2020,아파트,"서울특별시 중랑구 망우동 579, 101동 1층102호 (망우동,한울네세창아파트)",,서울특별시 중랑구 망우동,579,101동,102호,1.0,한울네세창아파트,84.76,51.05,344000000,344000000,420000001.0,2021-07-05,2021,7,5,매각,100,122.0,
서울북부4계,2020-107247,2020,아파트,"서울특별시 노원구 월계동 939, 104동 4층 405호 (월계동,월계흥화브라운빌)",,서울특별시 노원구 월계동,939,104동,405호,4.0,월계흥화브라운빌,29.9,14.18,215000000,215000000,249000100.0,2021-07-05,2021,7,5,매각,100,116.0,토지및건물 지분매각
서울북부1계,2019-110452,2019,아파트,"서울특별시 강북구 미아동 8-87, 7층701호 (미아동,스카이빌)",,서울특별시 강북구 미아동,8-87,0,701호,7.0,스카이빌,163.91,45.52,403000000,403000000,603000000.0,2021-06-28,2021,6,28,매각,100,150.0,
서울동부4계,2020-1817,2020,아파트,"서울특별시 광진구 자양동 784-1, 103동 8층802호 (자양동,대동아파트)",,서울특별시 광진구 자양동,784-1,103동,802호,8.0,784-1자양동아파트,84.65,30.72,935000000,935000000,1297999990.0,2021-06-28,2021,6,28,매각,100,139.0,
서울북부1계,2020-5495,2020,아파트,"서울특별시 성북구 정릉동 1024, 101동 8층805호 (정릉동,피오레아파트)",,서울특별시 성북구 정릉동,1024,101동,805호,8.0,피오레아파트,47.3,21.7,272000000,217600000,302500000.0,2021-06-28,2021,6,28,매각,80,111.0,토지및건물 지분매각
서울북부2계,2020-7194,2020,아파트,"서울특별시 성북구 종암동 3-91, 12층1308호 (종암동,노블레스타워 노인복지주택)",,서울특별시 성북구 종암동,3-91,0,1308호,12.0,노블레스타워노인복지주택,74.01,31.98,570000000,570000000,581110000.0,2021-06-28,2021,6,28,매각,100,102.0,
서울남부9계,2019-4325,2019,아파트,"서울특별시 구로구 신도림동 290, 5동 3층309호 (신도림동,미성아파트)",,서울특별시 구로구 신도림동,290,5동,309호,3.0,미성아파트,66.03,35.7,422000000,422000000,851770000.0,2021-06-22,2021,6,22,매각,100,202.0,
서울중앙1계,2020-4585,2020,아파트,"서울특별시 관악구 봉천동 1727, 101동 3층307호 (봉천동,관악 한일 유앤아이)",,서울특별시 관악구 봉천동,1727,101동,307호,3.0,관악한일유앤아이,84.866,51.2281,730000000,730000000,803700000.0,2021-06-22,2021,6,22,매각,100,110.0,대항력있는임차인
서울중앙1계,2020-106887,2020,아파트,"서울특별시 강남구 일원동 718, 101동 5층502호 (일원동,샘터마을아파트)",,서울특별시 강남구 일원동,718,101동,502호,5.0,샘터마을아파트,6.72,29.29,1010000000,1010000000,1010000000.0,2021-06-22,2021,6,22,매각,100,100.0,토지및건물 지분매각
서울남부9계,2020-111120,2020,아파트,"서울특별시 양천구 목동 954, 제102동 제6층 제605호 (목동, 목동웨스트빌아파트)",,서울특별시 양천구 목동,954,제102동,605호,6.0,954제제목동웨스트빌아파트,77.34899999999998,38.437,566000000,566000000,731000000.0,2021-06-22,2021,6,22,매각,100,129.0,대항력있는임차인
서울북부8계,2019-3240,2019,아파트,"서울특별시 동대문구 장안동 378-3, 4층402호 (장안동,공감대아파트)",,서울특별시 동대문구 장안동,378-3,0,402호,4.0,공감대아파트,109.1,51.6416,460000000,460000000,560000000.0,2021-06-21,2021,6,21,매각,100,122.0,
서울동부1계,2020-4564,2020,아파트,"서울특별시 송파구 신천동 17, 117동 2층201호 (신천동,파크리오)",,서울특별시 송파구 신천동,17,117동,201호,2.0,파크리오,121.63,55.28,2042000000,2042000000,2503000000.0,2021-06-21,2021,6,21,매각,100,123.0,공유물분할경매
서울북부9계,2020-5068,2020,아파트,"서울특별시 성북구 돈암동 609-1, 210동 4층402호 (돈암동,한진아파트)",,서울특별시 성북구 돈암동,609-1,210동,402호,4.0,한진아파트,84.87,35.36,710000000,710000000,787920000.0,2021-06-21,2021,6,21,매각,100,111.0,
서울북부8계,2020-5129,2020,아파트,"서울특별시 중랑구 신내동 317, 103동 14층1406호 (신내동,데시앙)",,서울특별시 중랑구 신내동,317,103동,1406호,14.0,데시앙,23.37,6.711,68000000,68000000,80888800.0,2021-06-21,2021,6,21,매각,100,119.0,형식적경매
서울동부1계,2020-50925,2020,아파트,"서울특별시 강동구 명일동 44, 6동 13층1301호 (명일동,신동아아파트)",,서울특별시 강동구 명일동,44,6동,1301호,13.0,44명일동아아파트,127.33,75.81,1800000000,1440000000,1765800000.0,2021-06-21,2021,6,21,매각,80,98.0,
서울북부9계,2020-104880,2020,아파트,"서울특별시 성북구 정릉동 435, 201동 8층801호 (정릉동,중앙하이츠빌2단지)",,서울특별시 성북구 정릉동,435,201동,801호,8.0,중앙하이츠빌2단지,84.6824,40.6947,690000000,441600000,716923000.0,2021-06-21,2021,6,21,매각,64,104.0,
서울북부9계,2020-107216,2020,아파트,"서울특별시 노원구 월계동 448-3, 다동 401호",,서울특별시 노원구 월계동,448-3,다동,401호,4.0,448-3,22.24,11.69,116000000,116000000,143888800.0,2021-06-21,2021,6,21,매각,100,124.0,대항력있는임차인
서울남부5계,2020-109264,2020,아파트,"서울특별시 강서구 화곡동 1160, 제7층 제705호 (화곡동,상진지오벨리아파트)",,서울특별시 강서구 화곡동,1160,0,705호,7.0,상진지오벨리아파트,64.78,39.3222,300000000,300000000,379000000.0,2021-06-17,2021,6,17,매각,100,126.0,대항력있는임차인
서울중앙4계,2019-109354,2019,아파트,"서울특별시 강남구 도곡동 527, 403동 1층 103호 (도곡동,도곡렉슬아파트)",,서울특별시 강남구 도곡동,527,403동,103호,1.0,도곡렉슬아파트,119.8906,55.1442,2235000000,2235000000,2948999000.0,2021-06-16,2021,6,16,매각,100,132.0,법정지상권
서울중앙4계,2020-104492,2020,아파트,"서울특별시 서초구 방배동 881-26, 201동 12층1204호 (방배동,방배2차이-편한세상)",,서울특별시 서초구 방배동,881-26,201동,1204호,12.0,방배2차이-편한세상,81.68,31.3,935000000,935000000,941111000.0,2021-06-16,2021,6,16,매각,100,101.0,토지및건물 지분매각
서울남부8계,2020-108865,2020,아파트,"서울특별시 강서구 화곡동 353-50, 제5층 제502호",,서울특별시 강서구 화곡동,353-50,0,502호,5.0,제제,33.74,18.76,150000000,120000000,140133000.0,2021-06-16,2021,6,16,매각,80,93.0,대항력있는임차인
서울중앙3계,2020-3049,2020,아파트,"서울특별시 강남구 대치동 511, 106동 6층607호 (대치동,한보미도맨션)",,서울특별시 강남구 대치동,511,106동,607호,6.0,한보미도맨션,141.32,78.25,2930000000,2930000000,3661227000.0,2021-06-15,2021,6,15,매각,100,125.0,
서울서부7계,2020-4276,2020,아파트,"서울특별시 서대문구 홍제동 454, 103동 1층106호 (홍제동,유원하나아파트)",,서울특별시 서대문구 홍제동,454,103동,106호,1.0,유원하나아파트,72.34,33.99,425000000,425000000,501150000.0,2021-06-15,2021,6,15,매각,100,118.0,형식적경매
서울서부5계,2020-56772,2020,아파트,"서울특별시 서대문구 홍제동 461, 106동 11층 1101호 (홍제동,홍제삼성래미안아파트)",,서울특별시 서대문구 홍제동,461,106동,1101호,11.0,홍제삼성래미안아파트,32.76,17.31,508000000,508000000,541050000.0,2021-06-15,2021,6,15,매각,100,107.0,
서울서부5계,2020-57188,2020,아파트,"서울특별시 서대문구 홍제동 455, 제102동 제6층 제604호",,서울특별시 서대문구 홍제동,455,제102동,604호,6.0,455제제,84.96,36.41,690000000,690000000,732120000.0,2021-06-15,2021,6,15,매각,100,106.0,
서울동부5계,2020-2179,2020,아파트,"서울특별시 송파구 가락동 95-1, 106동 15층1501호 (가락동,가락금호아파트)",,서울특별시 송파구 가락동,95-1,106동,1501호,15.0,가락금아파트,59.91,17.886,1025000000,1025000000,,2021-06-14,2021,6,14,배당종결,100,,
서울동부5계,2020-3585,2020,아파트,"서울특별시 송파구 문정동 1, 125동 14층1403호 (문정동,문정래미안아파트)",,서울특별시 송파구 문정동,1,125동,1403호,14.0,문정래미안아파트,120.97,49.68,1450000000,1450000000,1791000000.0,2021-06-14,2021,6,14,매각,100,124.0,
서울동부5계,2020-54347,2020,아파트,"서울특별시 강동구 성내동 542, 2층202호 (성내동,노블네스트)",,서울특별시 강동구 성내동,542,0,202호,2.0,노블네스트,101.32,37.84,700000000,700000000,720000000.0,2021-06-14,2021,6,14,매각,100,103.0,
서울동부5계,2020-55111,2020,아파트,"서울특별시 광진구 자양동 642, 501동 14층1401호 (자양동,자양5차현대아파트)",,서울특별시 광진구 자양동,642,501동,1401호,14.0,자양5차현대아파트,38.47,12.11,484500000,484500000,540990000.0,2021-06-14,2021,6,14,매각,100,112.0,토지및건물 지분매각
서울동부5계,2020-55173,2020,아파트,"서울특별시 송파구 가락동 95-1, 103동 20층2004호 (가락동,가락금호아파트)",,서울특별시 송파구 가락동,95-1,103동,2004호,20.0,가락금아파트,85.0,25.375999999999998,1390000000,1390000000,1481000000.0,2021-06-14,2021,6,14,매각,100,107.0,
서울남부3계,2020-5911,2020,아파트,"서울특별시 영등포구 당산동 121-108, 제6층 제606호 (당산동,훼미리하우스138)",,서울특별시 영등포구 당산동,121-108,0,606호,6.0,훼미리하우스138,14.28,4.774,136000000,108800000,121808000.0,2021-06-10,2021,6,10,매각,80,90.0,
서울서부6계,2019-56455,2019,아파트,"서울특별시 용산구 이촌동 435, 6층603호 (이촌동,보람 더하임)",,서울특별시 용산구 이촌동,435,0,603호,6.0,보람더하임,84.5839,49.467,1385000000,1385000000,1385116000.0,2021-06-01,2021,6,1,매각,100,100.0,"공유물분할경매,대항력있는임차인"
서울서부3계,2020-1727,2020,아파트,"서울특별시 마포구 대흥동 660, 111동 20층2001호 (대흥동,마포태영아파트)",,서울특별시 마포구 대흥동,660,111동,2001호,20.0,마포태영아파트,114.93,36.54,1570000000,1570000000,1703000000.0,2021-06-01,2021,6,1,매각,100,108.0,
서울서부3계,2020-54073,2020,아파트,"서울특별시 은평구 신사동 297, 제102동 제6층 제606호 (신사동,씨티아파트)",,서울특별시 은평구 신사동,297,제102동,606호,6.0,씨티아파트,58.09,18.0246,356000000,356000000,480000000.0,2021-06-01,2021,6,1,매각,100,135.0,
서울북부3계,2020-105951,2020,아파트,"서울특별시 노원구 상계동 1318, 101동 6층604호 (상계동,노원아이파크)",,서울특별시 노원구 상계동,1318,101동,604호,6.0,노원아이파크,139.28,41.74,703000000,449920000,783000000.0,2021-05-31,2021,5,31,매각,64,111.0,대항력있는임차인
서울북부3계,2020-106305,2020,아파트,"서울특별시 성북구 석관동 110-2, 1동 2층201호 (석관동,중앙하이츠아파트)",,서울특별시 성북구 석관동,110-2,1동,201호,2.0,중앙하이츠아파트,42.43,15.65,269000000,172160000,281100000.0,2021-05-31,2021,5,31,매각,64,104.0,토지및건물 지분매각
서울북부3계,2020-107230,2020,아파트,"서울특별시 강북구 미아동 1354, 106동 1층 101호 (미아동,벽산라이브파크아파트)",,서울특별시 강북구 미아동,1354,106동,101호,1.0,벽산라이브파크아파트,84.89,43.31,567000000,567000000,625380000.0,2021-05-31,2021,5,31,매각,100,110.0,
서울북부3계,2020-108356,2020,아파트,"서울특별시 성북구 하월곡동 226, 108동 8층804호 (하월곡동,월곡래미안루나밸리)",,서울특별시 성북구 하월곡동,226,108동,804호,8.0,월곡래미안루나밸리,84.88,43.4439,890000000,890000000,998980000.0,2021-05-31,2021,5,31,매각,100,112.0,
서울북부4계,2020-109472,2020,아파트,"서울특별시 중랑구 면목동 1502, 104동 1층105호 (면목동,면목현대아파트)",,서울특별시 중랑구 면목동,1502,104동,105호,1.0,면목현대아파트,72.63,29.22,549000000,549000000,592950000.0,2021-05-31,2021,5,31,매각,100,108.0,
서울북부2계,2020-5501,2020,아파트,"서울특별시 중랑구 면목동 1510, 201동 17층1704호 (면목동,면목두산아파트)",,서울특별시 중랑구 면목동,1510,201동,1704호,17.0,면목두산아파트,134.2,36.598,769000000,769000000,889999990.0,2021-05-24,2021,5,24,매각,100,116.0,
서울중앙1계,2020-1838,2020,아파트,"서울특별시 관악구 봉천동 464-41, 2층201호",,서울특별시 관악구 봉천동,464-41,0,201호,2.0,,147.4,50.67,615000000,615000000,651110000.0,2021-05-18,2021,5,18,매각,100,106.0,대항력있는임차인
서울중앙1계,2020-3377,2020,아파트,"서울특별시 관악구 신림동 1433-55, 11층1103호 (신림동,프라비다트라움)",,서울특별시 관악구 신림동,1433-55,0,1103호,11.0,프라비다트라움,14.06,4.492,125000000,100000000,124000000.0,2021-05-18,2021,5,18,매각,80,99.0,
서울중앙1계,2020-104454,2020,아파트,"서울특별시 종로구 평창동 66-1, 3층 304호 (평창동,엘리시아)",,서울특별시 종로구 평창동,66-1,0,304호,3.0,엘리시아,236.07,135.86,1327000000,1061600000,1233300000.0,2021-05-18,2021,5,18,매각,80,93.0,
서울북부5계,2019-5963,2019,아파트,"서울특별시 동대문구 용두동 794, 102동 8층804호 (용두동,용두롯데캐슬리치)",,서울특별시 동대문구 용두동,794,102동,804호,8.0,용두롯데캐슬리치,59.9858,36.58,745000000,745000000,961060000.0,2021-05-17,2021,5,17,매각,100,129.0,대항력있는임차인
서울북부5계,2020-4690,2020,아파트,"서울특별시 성북구 안암동1가 361, 112동 8층801호 (안암동1가,래미안안암)",,서울특별시 성북구 안암동1가,361,112동,801호,8.0,래미안안암,114.926,71.388,860000000,860000000,974270000.0,2021-05-17,2021,5,17,매각,100,113.0,대항력있는임차인
서울북부8계,2020-105456,2020,아파트,"서울특별시 성북구 하월곡동 228, 108동 2층202호 (하월곡동,꿈의숲 푸르지오)",,서울특별시 성북구 하월곡동,228,108동,202호,2.0,꿈의숲푸르지오,59.65,39.9951,595000000,595000000,735790000.0,2021-05-17,2021,5,17,매각,100,124.0,
서울북부9계,2020-106145,2020,아파트,"서울특별시 중랑구 면목동 1543, 108동 3층303호 (면목동,한양수자인사가정파크)",,서울특별시 중랑구 면목동,1543,108동,303호,3.0,한양수자인사가정파크,13.32,7.55,143000000,143000000,157888880.0,2021-05-17,2021,5,17,매각,100,110.0,토지및건물 지분매각
서울북부8계,2020-107049,2020,아파트,"서울특별시 중랑구 신내동 479, 3동 15층 1502호 (신내동,중앙하이츠아파트)",,서울특별시 중랑구 신내동,479,3동,1502호,15.0,중앙하이츠아파트,84.97,38.01,569000000,569000000,606100000.0,2021-05-17,2021,5,17,매각,100,107.0,선순위전세권
서울북부8계,2020-107407,2020,아파트,"서울특별시 노원구 상계동 135, 4동 4층 402호 (상계동,한신아파트)",,서울특별시 노원구 상계동,135,4동,402호,4.0,한신아파트,45.44,29.86,261000000,261000000,415999999.0,2021-05-17,2021,5,17,매각,100,159.0,
서울북부8계,2020-108035,2020,아파트,"서울특별시 노원구 하계동 274, 708동 4층 409호 (하계동,청솔아파트)",,서울특별시 노원구 하계동,274,708동,409호,4.0,청솔아파트,49.5,31.74,510000000,510000000,564970000.0,2021-05-17,2021,5,17,매각,100,111.0,대항력있는임차인
서울남부5계,2020-6143,2020,아파트,"서울특별시 구로구 구로동 1263, 제110동 제14층 제1402호 (구로동,신도림롯데아파트)",,서울특별시 구로구 구로동,1263,제110동,1402호,14.0,신도림롯데아파트,131.3,60.3014,940000000,940000000,1188990000.0,2021-05-13,2021,5,13,매각,100,126.0,
서울서부5계,2019-6504,2019,아파트,"서울특별시 서대문구 홍제동 283-36, 101동 12층 1201호 (홍제동,마체스터 아파트)",,서울특별시 서대문구 홍제동,283-36,101동,1201호,12.0,마체스터아파트,140.51,89.55,568000000,568000000,753009001.0,2021-05-11,2021,5,11,매각,100,133.0,
서울중앙3계,2020-103192,2020,아파트,"서울특별시 관악구 봉천동 1698-1, 107동 9층 905호 (봉천동,보라매삼성아파트)",,서울특별시 관악구 봉천동,1698-1,107동,905호,9.0,보라매삼성아파트,84.84,33.18,747000000,747000000,800000000.0,2021-05-11,2021,5,11,매각,100,107.0,대항력있는임차인
서울동부5계,2020-2414,2020,아파트,"서울특별시 성동구 상왕십리동 12-47, 17층1701호 (상왕십리동,청계센트럴큐브)",,서울특별시 성동구 상왕십리동,12-47,0,1701호,17.0,청계센트럴큐브,24.76,6.0785,320000000,256000000,310600000.0,2021-05-10,2021,5,10,매각,80,97.0,
서울동부5계,2020-53900,2020,아파트,"서울특별시 강동구 고덕동 693, 122동 9층903호 (고덕동,고덕그라시움)",,서울특별시 강동구 고덕동,693,122동,903호,9.0,고덕그라시움,59.508,33.0063,1290000000,1032000000,1362511001.0,2021-05-10,2021,5,10,매각,80,106.0,
서울동부5계,2020-54316,2020,아파트,"서울특별시 송파구 마천동 181, 101동 10층1004호 (마천동,아울렛코리아라이프(상가)현대그린빌(아파트))",,서울특별시 송파구 마천동,181,101동,1004호,10.0,아울렛코리아라이프상가현대그린빌아파트,46.8,16.96,390000000,390000000,471990000.0,2021-05-10,2021,5,10,매각,100,121.0,
서울중앙7계,2020-104737,2020,아파트,"서울특별시 관악구 남현동 1066-13, 7층 702호 (남현동,관악산센텀아파트)",,서울특별시 관악구 남현동,1066-13,0,702호,7.0,관악산센텀아파트,72.41,32.76,602000000,602000000,618263800.0,2021-05-06,2021,5,6,매각,100,103.0,대항력있는임차인
서울동부3계,2020-53078,2020,아파트,"서울특별시 송파구 방이동 51, 16층1602호 (방이동,올림픽파크리움)",,서울특별시 송파구 방이동,51,0,1602호,16.0,올림픽파크리움,14.671,2.895,205000000,164000000,177800000.0,2021-05-03,2021,5,3,매각,80,87.0,
서울동부3계,2020-54606,2020,아파트,"서울특별시 송파구 방이동 89, 248동 6층601호 (방이동,올림픽선수기자촌아파트)",,서울특별시 송파구 방이동,89,248동,601호,6.0,올림픽선수기자촌아파트,147.44,109.22,2470000000,2470000000,2611000000.0,2021-05-03,2021,5,3,매각,100,106.0,대항력있는임차인
서울서부1계,2019-52477,2019,아파트,"서울특별시 서대문구 천연동 145, 105동 10층 1004호 (천연동,천연뜨란채)",,서울특별시 서대문구 천연동,145,105동,1004호,10.0,천연뜨란채,55.85,32.07,580000000,580000000,750009999.0,2021-04-27,2021,4,27,매각,100,129.0,
서울서부1계,2020-2607,2020,아파트,"서울특별시 은평구 대조동 6-19, 3층301호",,서울특별시 은평구 대조동,6-19,0,301호,3.0,,53.23,7.615,241000000,192800000,207770000.0,2021-04-27,2021,4,27,매각,80,86.0,대항력있는임차인
서울중앙21계,2020-4097,2020,아파트,"서울특별시 동작구 대방동 500, 103동 13층1305호 (대방동,성원아파트)",,서울특별시 동작구 대방동,500,103동,1305호,13.0,성원아파트,42.16,13.8,503000000,402400000,635000000.0,2021-04-27,2021,4,27,매각,80,126.0,토지및건물 지분매각
서울남부4계,2020-4505,2020,아파트,"서울특별시 강서구 방화동 852, 1203동 12층1201호 (방화동,방화12단지도시개발공사아파트)",,서울특별시 강서구 방화동,852,1203동,1201호,12.0,방화12단지도시개발공사아파트,59.34,36.578,461000000,461000000,588899001.0,2021-04-27,2021,4,27,매각,100,128.0,대항력있는임차인
서울남부4계,2020-5447,2020,아파트,"서울특별시 영등포구 양평동3가 90-1, 제103동 제14층 제1402호 (양평동3가,거성파스텔아파트)",,서울특별시 영등포구 양평동3가,90-1,제103동,1402호,14.0,거성파스텔아파트,131.34,41.028999999999996,950000000,950000000,1036100000.0,2021-04-27,2021,4,27,매각,100,109.0,대항력있는임차인
서울서부1계,2020-50552,2020,아파트,서울특별시 용산구 이촌동  193-5 1동호 강서아파트,,서울특별시 용산구 이촌동,193-5,1동,호,-1.0,193-5강서아파트,59.04,,120000000,120000000,150000000.0,2021-04-27,2021,4,27,매각,100,125.0,건물만매각
서울중앙21계,2020-108210,2020,아파트,"서울특별시 서초구 방배동 1008-2, 104동 18층1803호 (방배동,래미안방배아트힐)",,서울특별시 서초구 방배동,1008-2,104동,1803호,18.0,래미안방배아트힐,42.54,17.04,600000000,600000000,637887000.0,2021-04-27,2021,4,27,매각,100,106.0,토지및건물 지분매각
서울북부3계,2020-1950,2020,아파트,"서울특별시 도봉구 방학동 734-1, 110동 15층1505호 (방학동,청구아파트)",,서울특별시 도봉구 방학동,734-1,110동,1505호,15.0,청구아파트,84.97,38.3227,386000000,386000000,563900000.0,2021-04-26,2021,4,26,매각,100,146.0,
서울동부2계,2020-3288,2020,아파트,"서울특별시 성동구 성수동2가 846, 12층1203호 (성수동2가,이-아름다운세상)",,서울특별시 성동구 성수동2가,846,0,1203호,12.0,이-아름다운세상,70.71,37.606,699000000,699000000,789300000.0,2021-04-26,2021,4,26,매각,100,113.0,대항력있는임차인
서울북부3계,2020-4256,2020,아파트,"서울특별시 도봉구 쌍문동 59-5, 602동 15층1503호 (쌍문동,쌍문6차한양아파트)",,서울특별시 도봉구 쌍문동,59-5,602동,1503호,15.0,쌍문6차한양아파트,83.86,42.0,426000000,426000000,577700000.0,2021-04-26,2021,4,26,매각,100,136.0,
서울북부4계,2020-5310,2020,아파트,"서울특별시 강북구 미아동 1369, 105동 12층1202호 (미아동,꿈의숲해링턴플레이스)",,서울특별시 강북구 미아동,1369,105동,1202호,12.0,꿈의숲해링턴플레이스,99.93,58.8442,1070000000,1070000000,1121110000.0,2021-04-26,2021,4,26,매각,100,105.0,
서울동부2계,2020-52754,2020,아파트,"서울특별시 성동구 금호동1가 633, 101동 4층404호 (금호동1가,벽산아파트)",,서울특별시 성동구 금호동1가,633,101동,404호,4.0,벽산아파트,84.82,45.72,869000000,869000000,1185699900.0,2021-04-26,2021,4,26,매각,100,136.0,대항력있는임차인
서울동부2계,2020-54125,2020,아파트,"서울특별시 강동구 천호동 28, 101동 3층307호 (천호동,용명브릿지아파트)",,서울특별시 강동구 천호동,28,101동,307호,3.0,용명브릿지아파트,80.0,45.39,450000000,450000000,828920000.0,2021-04-26,2021,4,26,매각,100,184.0,공유물분할경매
서울동부2계,2020-54385,2020,아파트,"서울특별시 송파구 방이동 89, 110동 15층1502호 (방이동,올림픽선수기자촌아파트)",,서울특별시 송파구 방이동,89,110동,1502호,15.0,올림픽선수기자촌아파트,41.53,34.42,901000000,720800000,828920000.0,2021-04-26,2021,4,26,매각,80,92.0,토지및건물 지분매각
서울동부2계,2020-54712,2020,아파트,"서울특별시 송파구 오금동 9-7, 6층602호 (오금동,노블하우스)",,서울특별시 송파구 오금동,9-7,0,602호,6.0,노블하우스,75.04,38.67,442000000,442000000,539999000.0,2021-04-26,2021,4,26,매각,100,122.0,대항력있는임차인
서울북부4계,2020-107803,2020,아파트,"서울특별시 중랑구 망우동 583, 103동 11층1101호 (망우동,중랑숲리가아파트)",,서울특별시 중랑구 망우동,583,103동,1101호,11.0,중랑숲리가아파트,84.956,57.684,625000000,625000000,711000000.0,2021-04-26,2021,4,26,매각,100,114.0,
서울남부8계,2020-4192,2020,아파트,"서울특별시 양천구 신월동 1001-5, 2층203호 (신월동,보금자리아파트)",,서울특별시 양천구 신월동,1001-5,0,203호,2.0,보금자리아파트,52.26,15.9,190000000,121600000,155900000.0,2021-04-21,2021,4,21,매각,64,82.0,
서울남부11계,2020-6792,2020,아파트,"서울특별시 구로구 구로동 792-103, 제1층 제101호",,서울특별시 구로구 구로동,792-103,0,101호,1.0,제제,31.41,10.86,107000000,107000000,168100000.0,2021-04-21,2021,4,21,매각,100,157.0,"공유물분할경매,유치권"
서울남부8계,2020-105736,2020,아파트,"서울특별시 양천구 신정동 1278, 104동 22층 2201호 (신정동,목동삼성아파트)",,서울특별시 양천구 신정동,1278,104동,2201호,22.0,1278신정동삼성아파트,84.77,34.68,1090000000,1090000000,1231900000.0,2021-04-21,2021,4,21,매각,100,113.0,
서울서부3계,2020-52015,2020,아파트,"서울특별시 서대문구 대현동 101-7, 16층1605호",,서울특별시 서대문구 대현동,101-7,0,1605호,16.0,,98.89,,472000000,472000000,611000000.0,2021-04-20,2021,4,20,매각,100,129.0,대지권미등기
서울동부4계,2020-1015,2020,아파트,"서울특별시 광진구 자양동 813, 101동 11층1102호 (자양동,광진하우스토리한강)",,서울특별시 광진구 자양동,813,101동,1102호,11.0,광진하우스토리한강,143.36,71.0782,1390000000,1390000000,1828000000.0,2021-04-19,2021,4,19,매각,100,132.0,
서울동부4계,2020-1756,2020,아파트,"서울특별시 송파구 장지동 849, 308동 3층301호 (장지동,송파파인타운3단지)",,서울특별시 송파구 장지동,849,308동,301호,3.0,송파파인타운3단지,84.93,45.426,1030000000,1030000000,1301510000.0,2021-04-19,2021,4,19,매각,100,126.0,공유물분할경매
서울북부1계,2020-2502,2020,아파트,"서울특별시 성북구 정릉동 402-117, 3층302호",,서울특별시 성북구 정릉동,402-117,0,302호,3.0,,46.78,20.78,151000000,96640000,125330000.0,2021-04-19,2021,4,19,매각,64,83.0,
서울북부2계,2020-5228,2020,아파트,"서울특별시 도봉구 도봉동 30-1, 117동 3층303호 (도봉동,도봉한신아파트)",,서울특별시 도봉구 도봉동,30-1,117동,303호,3.0,도봉한신아파트,84.94,34.047,534000000,534000000,601199990.0,2021-04-19,2021,4,19,매각,100,113.0,
서울동부4계,2020-53214,2020,아파트,"서울특별시 강동구 암사동 501-4, 6층603호 (암사동,암사동양덱스빌)",,서울특별시 강동구 암사동,501-4,암사동,603호,6.0,암사동양덱스빌,84.68,20.77,592000000,592000000,610000000.0,2021-04-19,2021,4,19,매각,100,103.0,
서울북부2계,2020-107360,2020,아파트,"서울특별시 노원구 공릉동 106, 309동 9층 902호 (공릉동,공릉해링턴플레이스)",,서울특별시 노원구 공릉동,106,309동,902호,9.0,공릉해링턴플레이스,134.914,64.717,902000000,902000000,950000000.0,2021-04-19,2021,4,19,매각,100,105.0,
서울중앙1계,2020-2732,2020,아파트,"서울특별시 동작구 신대방동 565, 10동 3층 302호 (신대방동,우성아파트)",,서울특별시 동작구 신대방동,565,10동,302호,3.0,우성아파트,78.54,40.7,626000000,626000000,632777000.0,2021-04-13,2021,4,13,매각,100,101.0,토지및건물 지분매각
서울중앙1계,2020-105419,2020,아파트,"서울특별시 강남구 도곡동 970, 104동 5층503호 (도곡동,도곡3차아이파크)",,서울특별시 강남구 도곡동,970,104동,503호,5.0,도곡3차아이파크,187.215,106.244,2625000000,2100000000,2330000000.0,2021-04-13,2021,4,13,매각,80,89.0,대항력있는임차인
서울동부1계,2020-3141,2020,아파트,"서울특별시 광진구 자양동 783-1, 701동 6층613호 (자양동,자양7차우성아파트)",,서울특별시 광진구 자양동,783-1,701동,613호,6.0,자양7차우성아파트,59.94,21.94,944000000,944000000,1059999999.0,2021-04-12,2021,4,12,매각,100,112.0,
서울북부8계,2020-4287,2020,아파트,"서울특별시 성북구 길음동 1282, 508동 14층1402호 (길음동,길음뉴타운)",,서울특별시 성북구 길음동,1282,508동,1402호,14.0,길음뉴타운,59.75,33.2508,800000000,800000000,823888888.0,2021-04-12,2021,4,12,매각,100,103.0,
서울북부5계,2020-100291,2020,아파트,"서울특별시 동대문구 장안동 365-5, 6층601호 (장안동,서희스타힐스)",,서울특별시 동대문구 장안동,365-5,0,601호,6.0,서희스타힐스,70.84,,460000000,368000000,435600000.0,2021-04-12,2021,4,12,매각,80,95.0,
서울북부8계,2020-105234,2020,아파트,"서울특별시 노원구 상계동 766-1, 101동 15층1511호 (상계동,미도아파트)",,서울특별시 노원구 상계동,766-1,101동,1511호,15.0,미도아파트,87.57,46.78,697000000,697000000,755510000.0,2021-04-12,2021,4,12,매각,100,108.0,대항력있는임차인
서울북부9계,2020-105449,2020,아파트,"서울특별시 성북구 동선동1가 121-6, 7층101-704호 (동선동1가,코아루센타시아)",,서울특별시 성북구 동선동1가,121-6,0,101-704호,7.0,코아루센타시아,113.05,25.26,582000000,582000000,704000000.0,2021-04-12,2021,4,12,매각,100,121.0,
서울북부8계,2020-106121,2020,아파트,"서울특별시 노원구 상계동 666, 1002동 14층1406호 (상계동,상계주공아파트)",,서울특별시 노원구 상계동,666,1002동,1406호,14.0,상계주공아파트,61.52,47.88,573000000,573000000,711110000.0,2021-04-12,2021,4,12,매각,100,124.0,
서울중앙4계,2020-2763,2020,아파트,"서울특별시 강남구 대치동 962-20, 1층102호 (대치동,대치주성아파트)",,서울특별시 강남구 대치동,962-20,0,102호,1.0,대치주성아파트,67.13,27.04,1070000000,1070000000,1282500000.0,2021-04-07,2021,4,7,매각,100,120.0,
서울남부5계,2020-5898,2020,아파트,"서울특별시 구로구 구로동 1280, 제104동 제17층 제1701호 (구로동,한신휴플러스아파트)",,서울특별시 구로구 구로동,1280,제104동,1701호,17.0,한신휴플러스아파트,58.03,28.5248,668000000,668000000,732600000.0,2021-04-07,2021,4,7,매각,100,110.0,대항력있는임차인
서울중앙4계,2020-104911,2020,아파트,"서울특별시 중구 신당동 844, 제19동 제203호",,서울특별시 중구 신당동,844,제19동,203호,2.0,844제,84.88,46.111000000000004,1020000000,1020000000,1110820000.0,2021-04-07,2021,4,7,매각,100,109.0,
서울중앙3계,2020-1661,2020,아파트,"서울특별시 관악구 신림동 1433-55, 11층1102호 (신림동,프라비다트라움)",,서울특별시 관악구 신림동,1433-55,0,1102호,11.0,프라비다트라움,14.06,4.492,125000000,100000000,121211000.0,2021-04-06,2021,4,6,매각,80,97.0,
서울동부5계,2019-5844,2019,아파트,"서울특별시 성동구 옥수동 428, 4동 1층103호 (옥수동,옥수동극동아파트)",,서울특별시 성동구 옥수동,428,4동,103호,1.0,428옥수동아파트,142.26,69.64,1250000000,1250000000,1625052090.0,2021-04-05,2021,4,5,매각,100,130.0,
서울남부10계,2019-107286,2019,아파트,"서울특별시 강서구 염창동 309, 101동 12층1208호 (염창동,이편한세상염창)",,서울특별시 강서구 염창동,309,101동,1208호,12.0,이편한세상염창,51.756,24.558000000000003,752000000,752000000,911440000.0,2021-04-05,2021,4,5,매각,100,121.0,
서울남부10계,2019-107286,2019,아파트,"서울특별시 강서구 염창동 309, 105동 16층1602호 (염창동,이편한세상염창)",,서울특별시 강서구 염창동,309,105동,1602호,16.0,이편한세상염창,84.9783,37.7252,1100000000,1100000000,1365000000.0,2021-04-05,2021,4,5,매각,100,124.0,
서울남부10계,2020-6365,2020,아파트,"서울특별시 강서구 등촌동 701, 제107동 제3층 제302호 (가양동,등촌진로아파트)",,서울특별시 강서구 등촌동,701,제107동,302호,3.0,등촌진로아파트,84.96,43.743,765000000,765000000,808000000.0,2021-04-05,2021,4,5,매각,100,106.0,
서울남부10계,2020-7320,2020,아파트,"서울특별시 양천구 목동 902, 제220동 제14층 제1401호 (목동, 목동신시가지아파트)",,서울특별시 양천구 목동,902,제220동,1401호,14.0,902제제목동신시가지아파트,95.67,87.65,1703000000,1703000000,1810300000.0,2021-04-05,2021,4,5,매각,100,106.0,
서울동부5계,2020-52259,2020,아파트,"서울특별시 강동구 천호동 47-24, 101동 10층1003호 (천호동,천호1차우림루미아트)",,서울특별시 강동구 천호동,47-24,101동,1003호,10.0,천1차우림루미아트,84.88,43.288000000000004,549000000,549000000,726777700.0,2021-04-05,2021,4,5,매각,100,132.0,
서울동부5계,2020-53740,2020,아파트,"서울특별시 강동구 둔촌동 603, 4동 6층603호 (둔촌동,프라자아파트)",,서울특별시 강동구 둔촌동,603,4동,603호,6.0,프라자아파트,10.91,6.7,98000000,98000000,135666000.0,2021-04-05,2021,4,5,매각,100,138.0,토지및건물 지분매각
서울남부10계,2020-101420,2020,아파트,"서울특별시 양천구 신월동 1055, 101동 7층 701호 (신월동,신정뉴타운두산위브)",,서울특별시 양천구 신월동,1055,101동,701호,7.0,신정뉴타운두산위브,59.78,34.277,619000000,619000000,780250000.0,2021-04-05,2021,4,5,매각,100,126.0,
서울중앙7계,2019-110552,2019,아파트,"서울특별시 서초구 서초동 1671-5, 6층 622호 (서초동,서초리시온)",,서울특별시 서초구 서초동,1671-5,0,622호,6.0,서초리시온,49.92,9.89,446000000,446000000,503300000.0,2021-04-01,2021,4,1,매각,100,113.0,대항력있는임차인
서울남부4계,2020-2356,2020,아파트,"서울특별시 강서구 화곡동 894-1, 8층802호 (화곡동,산내들아파트)",,서울특별시 강서구 화곡동,894-1,0,802호,8.0,산내들아파트,27.77,8.76,186000000,76186000,85550000.0,2021-03-31,2021,3,31,매각,41,46.0,대항력있는임차인
서울서부5계,2020-2515,2020,아파트,"서울특별시 은평구 불광동 480-323, 4층401호 (불광동,스카이힐튼)",,서울특별시 은평구 불광동,480-323,0,401호,4.0,스카이힐튼,39.21,33.81,217000000,217000000,222000000.0,2021-03-30,2021,3,30,매각,100,102.0,
서울서부7계,2020-52176,2020,아파트,"서울특별시 마포구 중동 390, 104동 8층801호 (중동,디엠씨마포청구아파트)",,서울특별시 마포구 중동,390,104동,801호,8.0,디엠씨마포청구아파트,42.3,14.23,385000000,385000000,467999000.0,2021-03-30,2021,3,30,매각,100,122.0,토지및건물 지분매각
서울서부5계,2020-54080,2020,아파트,"서울특별시 마포구 창전동 438, 103동 6층 701호 (창전동,신촌금호아파트)",,서울특별시 마포구 창전동,438,103동,701호,6.0,신촌금아파트,84.95,34.55,905000000,905000000,963987360.0,2021-03-30,2021,3,30,매각,100,107.0,
서울동부3계,2020-53337,2020,아파트,"서울특별시 송파구 방이동 215, 103동 3층307호 (방이동,코오롱아파트)",,서울특별시 송파구 방이동,215,103동,307호,3.0,코오롱아파트,84.95,38.06,1080000000,1080000000,1485300000.0,2021-03-29,2021,3,29,매각,100,138.0,
서울남부3계,2019-109169,2019,아파트,"서울특별시 강서구 방화동 841, 102동 1층105호 (방화동,장미아파트)",,서울특별시 강서구 방화동,841,102동,105호,1.0,장미아파트,49.2,32.552,344000000,344000000,467000000.0,2021-03-24,2021,3,24,매각,100,136.0,대항력있는임차인
서울남부3계,2019-109169,2019,아파트,"서울특별시 강서구 등촌동 702, 1005동 1층102호 (등촌동,등촌10단지주공아파트)",,서울특별시 강서구 등촌동,702,1005동,102호,1.0,등촌10단지주공아파트,58.14,32.97,578000000,578000000,735373000.0,2021-03-24,2021,3,24,매각,100,127.0,
서울남부3계,2020-105965,2020,아파트,"서울특별시 영등포구 여의도동 21-2, 에이동 9층 909호 (여의도동,공작아파트)",,서울특별시 영등포구 여의도동,21-2,에이동,909호,9.0,공작아파트,22.91,9.62,350000000,350000000,350000000.0,2021-03-24,2021,3,24,매각,100,100.0,토지및건물 지분매각
서울서부1계,2020-2799,2020,아파트,"서울특별시 서대문구 연희동 105-4, 제2층 제203호",,서울특별시 서대문구 연희동,105-4,0,203호,2.0,제제,49.59,20.99,215000000,215000000,235700000.0,2021-03-23,2021,3,23,매각,100,110.0,
서울서부1계,2020-54530,2020,아파트,"서울특별시 은평구 수색동 416-1, 제106동 제11층 제1103호 (수색동,수색진흥엣세벨)",,서울특별시 은평구 수색동,416-1,제106동,1103호,11.0,수색진흥엣세벨,57.5033,29.11,599000000,599000000,648900000.0,2021-03-23,2021,3,23,매각,100,108.0,대항력있는임차인
서울남부1계,2020-105989,2020,아파트,"서울특별시 영등포구 영등포동1가 75-4, 5층501호 (영등포동1가,메트로가든)",,서울특별시 영등포구 영등포동1가,75-4,0,501호,5.0,메트로가든,12.06,4.854,138000000,88320000,92900000.0,2021-03-23,2021,3,23,매각,64,67.0,
서울중앙21계,2020-106498,2020,아파트,"서울특별시 동작구 상도동 533, 208동 14층1401호 (상도동,힐스테이트상도프레스티지)",,서울특별시 동작구 상도동,533,208동,1401호,14.0,힐스테이트상도프레스티지,84.884,54.076,1216000000,1216000000,1334612600.0,2021-03-23,2021,3,23,매각,100,110.0,
서울북부3계,2019-8252,2019,아파트,서울특별시 노원구 상계동  1128 극동늘푸른아파트 101동 2층201호,,서울특별시 노원구 상계동,1128,극동,201호,2.0,1128늘푸른아파트,84.514,41.61600000000001,472000000,472000000,665000000.0,2021-03-22,2021,3,22,매각,100,141.0,
서울북부4계,2020-3093,2020,아파트,"서울특별시 노원구 공릉동 715, 302동 1층105호 (공릉동,공릉3단지아파트)",,서울특별시 노원구 공릉동,715,302동,105호,1.0,공릉3단지아파트,49.5,31.713,322000000,322000000,478310000.0,2021-03-22,2021,3,22,매각,100,149.0,
서울북부3계,2020-104088,2020,아파트,"서울특별시 성북구 정릉동 1028, 108동 7층702호 (정릉동,정릉이편한세상)",,서울특별시 성북구 정릉동,1028,108동,702호,7.0,정릉이편한세상,57.28,28.215,351000000,351000000,361001000.0,2021-03-22,2021,3,22,매각,100,103.0,토지및건물 지분매각
서울북부4계,2020-106534,2020,아파트,"서울특별시 성북구 삼선동3가 23, 2층 202호",,서울특별시 성북구 삼선동3가,23,0,202호,2.0,,28.31,13.83,148000000,148000000,148000000.0,2021-03-22,2021,3,22,매각,100,100.0,토지및건물 지분매각
서울남부11계,2020-7207,2020,아파트,"서울특별시 금천구 시흥동 5-13, 제106동 제19층 제1902호 (시흥동, 삼익아파트)",,서울특별시 금천구 시흥동,5-13,제106동,1902호,19.0,삼익아파트,114.48,41.96,560000000,560000000,560480000.0,2021-03-17,2021,3,17,매각,100,100.0,
서울남부11계,2020-110714,2020,아파트,"서울특별시 구로구 구로동 1265, 제108동 제2층 제202호 (구로동, 구로두산아파트)",,서울특별시 구로구 구로동,1265,제108동,202호,2.0,구로두산아파트,44.64,16.87,448000000,448000000,486770000.0,2021-03-17,2021,3,17,매각,100,109.0,대항력있는임차인
서울서부6계,2019-52743,2019,아파트,"서울특별시 서대문구 연희동 194-30, 3층비304호 (연희동,브라운스톤 연희)",,서울특별시 서대문구 연희동,194-30,0,비304호,3.0,브라운스톤연희,16.6,7.218,190000000,77824000,127000000.0,2021-03-16,2021,3,16,매각,41,67.0,
서울서부3계,2020-52749,2020,아파트,"서울특별시 서대문구 홍제동 131-2, 3층302호 (홍제동,제니스)",,서울특별시 서대문구 홍제동,131-2,0,302호,3.0,제니스,73.27,29.8,488000000,488000000,527273350.0,2021-03-16,2021,3,16,매각,100,108.0,
서울서부6계,2020-53094,2020,아파트,"서울특별시 용산구 한강로3가 91, 104동 11층1104호 (한강로3가,한강로우림필유아파트)",,서울특별시 용산구 한강로3가,91,104동,1104호,11.0,한강로우림필유아파트,84.99,53.6485,1270000000,1270000000,1412000000.0,2021-03-16,2021,3,16,매각,100,111.0,
서울서부6계,2020-53674,2020,아파트,"서울특별시 서대문구 홍은동 456, 102동 10층1002호 (홍은동,두산아파트)",,서울특별시 서대문구 홍은동,456,102동,1002호,10.0,두산아파트,84.84,31.69,543000000,543000000,682700000.0,2021-03-16,2021,3,16,매각,100,126.0,
서울동부4계,2019-55696,2019,아파트,"서울특별시 성동구 옥수동 100, 101동 2층202호 (옥수동,옥수하이츠아파트)",,서울특별시 성동구 옥수동,100,101동,202호,2.0,옥수하이츠아파트,114.78,65.43,1420000000,1420000000,1721300000.0,2021-03-15,2021,3,15,매각,100,121.0,
서울동부4계,2020-1602,2020,아파트,"서울특별시 강동구 암사동 672, 3층306호 (암사동,효정하나플러스)",,서울특별시 강동구 암사동,672,0,306호,3.0,효정하나플러스,81.46,42.9307,487000000,487000000,600000000.0,2021-03-15,2021,3,15,매각,100,123.0,
서울북부2계,2020-105043,2020,아파트,"서울특별시 노원구 하계동 273, 602동 9층911호 (하계동,장미아파트)",,서울특별시 노원구 하계동,273,602동,911호,9.0,장미아파트,49.5,32.65,465000000,465000000,616790000.0,2021-03-15,2021,3,15,매각,100,133.0,대항력있는임차인
서울북부5계,2020-3055,2020,아파트,"서울특별시 노원구 상계동 1282, 204동 22층2202호 (상계동,상계2차중앙하이츠아파트)",,서울특별시 노원구 상계동,1282,204동,2202호,22.0,상계2차중앙하이츠아파트,84.6,26.95,613000000,613000000,738800000.0,2021-03-08,2021,3,8,매각,100,121.0,
서울북부5계,2020-3239,2020,아파트,"서울특별시 노원구 중계동 578, 115동 8층811호 (중계동,현대그룹중계동주택조합2차아파트)",,서울특별시 노원구 중계동,578,115동,811호,8.0,578중계동주택조합2차아파트,84.78,55.95,491000000,491000000,623000777.0,2021-03-08,2021,3,8,매각,100,127.0,
서울북부9계,2020-102723,2020,아파트,"서울특별시 도봉구 방학동 508, 102동 1층103호 (방학동,우성2차아파트)",,서울특별시 도봉구 방학동,508,102동,103호,1.0,우성2차아파트,84.98,34.66,383000000,383000000,487000777.0,2021-03-08,2021,3,8,매각,100,127.0,
서울북부9계,2020-104743,2020,아파트,"서울특별시 노원구 하계동 270, 102동 15층1503호 (하계동,현대아파트)",,서울특별시 노원구 하계동,270,102동,1503호,15.0,현대아파트,84.95,46.69,810000000,810000000,1089450000.0,2021-03-08,2021,3,8,매각,100,135.0,
서울중앙4계,2019-9829,2019,아파트,"서울특별시 중구 충무로5가 36-2, 6층609호 (충무로5가,충무로엘크루메트로시티2)",,서울특별시 중구 충무로5가,36-2,0,609호,6.0,충무로엘크루메트로시티2,35.55,7.7909,320000000,256000000,305550000.0,2021-03-03,2021,3,3,매각,80,95.0,대항력있는임차인
서울중앙4계,2020-2121,2020,아파트,"서울특별시 동작구 대방동 501, 110동 11층1105호 (대방동,대림아파트)",,서울특별시 동작구 대방동,501,110동,1105호,11.0,대림아파트,134.25,58.38,1474000000,1474000000,1499999999.0,2021-03-03,2021,3,3,매각,100,102.0,
서울중앙4계,2020-103871,2020,아파트,"서울특별시 강남구 개포동 1280, 201동 6층611호 (개포동,래미안블레스티지)",,서울특별시 강남구 개포동,1280,201동,611호,6.0,래미안블레스티지,59.88800000000001,31.805,1650000000,1650000000,1889999999.0,2021-03-03,2021,3,3,매각,100,115.0,
서울남부5계,2020-107374,2020,아파트,"서울특별시 강서구 화곡동 377-21, 제7층 제701호 (화곡동,요산페어뷰)",,서울특별시 강서구 화곡동,377-21,0,701호,7.0,요산페어뷰,74.04,35.56,367000000,367000000,389110000.0,2021-03-03,2021,3,3,매각,100,106.0,
서울중앙3계,2020-1852,2020,아파트,"서울특별시 관악구 봉천동 1703, 103동 2101호 (봉천동,성현동아아파트)",,서울특별시 관악구 봉천동,1703,103동,2101호,21.0,1703봉천동아아파트,114.69,43.87,830000000,830000000,1011000000.0,2021-03-02,2021,3,2,매각,100,122.0,
서울중앙7계,2019-3661,2019,아파트,"서울특별시 종로구 평창동 108, 101동 8층801호 (평창동,평창동 롯데캐슬 로잔)",,서울특별시 종로구 평창동,108,101동,801호,8.0,108평창동롯데캐슬로잔,239.484,158.61,1930000000,1235200000,1619900000.0,2021-02-25,2021,2,25,매각,64,84.0,대항력있는임차인
서울남부4계,2020-2295,2020,아파트,"서울특별시 구로구 구로동 314, 1동 11층1105호 (구로동,극동아파트)",,서울특별시 구로구 구로동,314,1동,1105호,11.0,314구로동아파트,82.17,41.61,442000000,442000000,545777000.0,2021-02-24,2021,2,24,매각,100,123.0,
서울남부4계,2020-101680,2020,아파트,"서울특별시 강서구 화곡동 981-1, 12층 1206호 (화곡동,서광프리메라)",,서울특별시 강서구 화곡동,981-1,0,1206호,12.0,서광프리메라,83.7,13.82,479000000,383200000,505610000.0,2021-02-24,2021,2,24,매각,80,106.0,
서울남부4계,2020-104382,2020,아파트,"서울특별시 구로구 개봉동 470, 106동 21층 2105호 (개봉동,삼환아파트)",,서울특별시 구로구 개봉동,470,106동,2105호,21.0,삼환아파트,114.48,34.08,553000000,553000000,752830000.0,2021-02-24,2021,2,24,매각,100,136.0,
서울남부1계,2019-8181,2019,아파트,"서울특별시 영등포구 영등포동1가 75-4, 8층804호 (영등포동1가,메트로가든)",,서울특별시 영등포구 영등포동1가,75-4,0,804호,8.0,메트로가든,12.97,5.22,148000000,94720000,103100000.0,2021-02-23,2021,2,23,매각,64,70.0,
서울남부1계,2019-8181,2019,아파트,"서울특별시 영등포구 영등포동1가 75-4, 8층807호 (영등포동1가,메트로가든)",,서울특별시 영등포구 영등포동1가,75-4,0,807호,8.0,메트로가든,12.05,4.85,138000000,88320000,112100000.0,2021-02-23,2021,2,23,매각,64,81.0,
서울남부1계,2019-8181,2019,아파트,"서울특별시 영등포구 영등포동1가 75-4, 9층901호 (영등포동1가,메트로가든)",,서울특별시 영등포구 영등포동1가,75-4,0,901호,9.0,메트로가든,12.06,4.854,138000000,88320000,103100000.0,2021-02-23,2021,2,23,매각,64,75.0,
서울남부1계,2019-8181,2019,아파트,"서울특별시 영등포구 영등포동1가 75-4, 4층402호 (영등포동1가,메트로가든)",,서울특별시 영등포구 영등포동1가,75-4,0,402호,4.0,메트로가든,12.97,5.22,145000000,92800000,112100000.0,2021-02-23,2021,2,23,매각,64,77.0,
서울남부1계,2020-2660,2020,아파트,"서울특별시 강서구 마곡동 784-11, 2층220호 (마곡동,마곡오드카운티1차)",,서울특별시 강서구 마곡동,784-11,0,220호,2.0,마곡오드카운티1차,19.6437,,153000000,122400000,142890000.0,2021-02-23,2021,2,23,매각,80,93.0,대지권미등기
서울남부1계,2020-5232,2020,아파트,"서울특별시 강서구 방화동 863, 제201동 제3층 제304호 (방화동,마곡현대아파트)",,서울특별시 강서구 방화동,863,제201동,304호,3.0,마곡현대아파트,84.95,28.84,589000000,589000000,689130000.0,2021-02-23,2021,2,23,매각,100,117.0,대항력있는임차인
서울서부7계,2020-51722,2020,아파트,"서울특별시 은평구 녹번동 71-8, 1동 6층603호",,서울특별시 은평구 녹번동,71-8,1동,603호,6.0,71-8,82.27,36.2,330000000,264000000,430370000.0,2021-02-23,2021,2,23,매각,80,130.0,
서울중앙2계,2019-9676,2019,아파트,"서울특별시 동작구 사당동 1157, 106동 7층704호 (사당동,이수역리가아파트)",,서울특별시 동작구 사당동,1157,106동,704호,7.0,이수역리가아파트,84.9827,47.5251,1200000000,1200000000,1459800000.0,2021-02-18,2021,2,18,매각,100,122.0,형식적경매
서울중앙2계,2019-9676,2019,아파트,"서울특별시 동작구 사당동 1157, 107동 11층1101호 (사당동,이수역리가아파트)",,서울특별시 동작구 사당동,1157,107동,1101호,11.0,이수역리가아파트,84.9827,47.5251,1240000000,1240000000,1405990000.0,2021-02-18,2021,2,18,매각,100,113.0,형식적경매
서울중앙2계,2019-105826,2019,아파트,"서울특별시 중구 인현동2가 192-30, 10층1010호",,서울특별시 중구 인현동2가,192-30,0,1010호,10.0,,64.26,5.26,292000000,292000000,363000000.0,2021-02-18,2021,2,18,매각,100,124.0,토지및건물 지분매각
서울남부3계,2020-2790,2020,아파트,"서울특별시 양천구 신월동 48-13, 4층404호 (신월동,신라이프아파트)",,서울특별시 양천구 신월동,48-13,0,404호,4.0,신라이프아파트,58.32,23.88,182000000,145600000,199199000.0,2021-02-17,2021,2,17,매각,80,109.0,
서울남부11계,2020-6556,2020,아파트,"서울특별시 강서구 방화동 871, 제102동 제2층 제202호 (방화동,방신서광아파트)",,서울특별시 강서구 방화동,871,제102동,202호,2.0,방신서광아파트,113.3376,48.486999999999995,624000000,624000000,675000000.0,2021-02-17,2021,2,17,매각,100,108.0,
서울남부11계,2020-108209,2020,아파트,"서울특별시 양천구 신월동 529-2, 제4층 제402호",,서울특별시 양천구 신월동,529-2,0,402호,4.0,제제,57.32,24.398000000000003,300000000,300000000,300500000.0,2021-02-17,2021,2,17,매각,100,100.0,대항력있는임차인
서울남부9계,2019-4103,2019,아파트,서울특별시 양천구 신월동  142-14 금하뜨라네아파트 105동 1층103호,,서울특별시 양천구 신월동,142-14,105동,103호,1.0,142-14금하뜨라네아파트,90.17,59.792,330000000,264000000,335000000.0,2021-02-16,2021,2,16,매각,80,102.0,
서울서부1계,2020-731,2020,아파트,"서울특별시 은평구 진관동 12, 712동 1층101호 (진관동,은평뉴타운 상림마을)",,서울특별시 은평구 진관동,12,712동,101호,1.0,은평뉴타운상림마을,84.42,80.84899999999998,631000000,631000000,790403080.0,2021-02-16,2021,2,16,매각,100,125.0,
서울남부9계,2020-1292,2020,아파트,"서울특별시 영등포구 양평동5가 76, 106동 3층301호 (양평동5가,양평동한신아파트)",,서울특별시 영등포구 양평동5가,76,106동,301호,3.0,76양평동5가한신아파트,59.94,25.79,670000000,670000000,839999000.0,2021-02-16,2021,2,16,매각,100,125.0,
서울서부1계,2020-52671,2020,아파트,"서울특별시 용산구 이촌동 415, 106동 2층202호 (이촌동,한강대우아파트)",,서울특별시 용산구 이촌동,415,106동,202호,2.0,한강대우아파트,84.94,28.4187,1610000000,1610000000,1783100000.0,2021-02-16,2021,2,16,매각,100,111.0,
서울남부9계,2020-107664,2020,아파트,"서울특별시 구로구 고척동 320, 제104동 제11층 제1103호 (고척동,센츄리아파트)",,서울특별시 구로구 고척동,320,제104동,1103호,11.0,센츄리아파트,9.9483,4.0784,72588000,72588000,73100000.0,2021-02-16,2021,2,16,매각,100,101.0,토지및건물 지분매각
서울동부5계,2020-883,2020,아파트,"서울특별시 송파구 가락동 198-13, 7층701호 (가락동,가락현대트웰브)",,서울특별시 송파구 가락동,198-13,0,701호,7.0,가락현대트웰브,84.58,34.181999999999995,705000000,705000000,843350000.0,2021-02-15,2021,2,15,매각,100,120.0,
서울북부3계,2020-102617,2020,아파트,"서울특별시 도봉구 창동 38, 1709동 9층906호 (창동,주공아파트)",,서울특별시 도봉구 창동,38,1709동,906호,9.0,주공아파트,36.34,25.85,273000000,273000000,451990000.0,2021-02-15,2021,2,15,매각,100,166.0,
서울북부3계,2020-103733,2020,아파트,"서울특별시 도봉구 도봉동 641, 114동 14층1410호 (도봉동,서원아파트)",,서울특별시 도봉구 도봉동,641,114동,1410호,14.0,서원아파트,49.77,25.499000000000002,275000000,275000000,388989000.0,2021-02-15,2021,2,15,매각,100,141.0,
서울서부6계,2019-52743,2019,아파트,"서울특별시 서대문구 연희동 194-30, 3층비318호 (연희동,브라운스톤 연희)",,서울특별시 서대문구 연희동,194-30,0,비318호,3.0,브라운스톤연희,12.77,5.5520000000000005,144000000,92160000,110125690.0,2021-02-09,2021,2,9,매각,64,76.0,대항력있는임차인
서울북부2계,2018-9593,2018,아파트,"서울특별시 노원구 상계동 633, 1423동 2층201호 (상계동,상계주공아파트)",,서울특별시 노원구 상계동,633,1423동,201호,2.0,상계주공아파트,45.9,38.47,255000000,163200000,481007700.0,2021-02-08,2021,2,8,매각,64,189.0,
서울동부3계,2019-2029,2019,아파트,서울특별시 광진구 광장동  135-1,,서울특별시 광진구 광장동,135-1,0,,4.0,135-1,226.75,,1698000000,1698000000,1788888888.0,2021-02-08,2021,2,8,매각,100,105.0,
서울동부3계,2019-54181,2019,아파트,"서울특별시 송파구 신천동 7-19, 26층2604호 (신천동,잠실시그마타워)",,서울특별시 송파구 신천동,7-19,0,2604호,26.0,잠실시그마타워,364.04,45.831,2468000000,1579520000,2313999000.0,2021-02-08,2021,2,8,매각,64,94.0,
서울동부3계,2020-753,2020,아파트,"서울특별시 성동구 성수동1가 685-696, 19층101-1902호 (성수동1가,갤러리아포레)",,서울특별시 성동구 성수동1가,685-696,0,101-1902호,19.0,갤러리아포레,218.58,40.9626,4500000000,3600000000,4111000000.0,2021-02-08,2021,2,8,매각,80,91.0,
서울북부2계,2020-101751,2020,아파트,"서울특별시 강북구 우이동 342, 105동 5층501호 (우이동,대우아파트)",,서울특별시 강북구 우이동,342,105동,501호,5.0,대우아파트,84.93,82.28,530000000,339200000,618800000.0,2021-02-08,2021,2,8,매각,64,117.0,
서울북부2계,2020-2083,2020,아파트,"서울특별시 동대문구 장안동 466-5, 9층914호",,서울특별시 동대문구 장안동,466-5,0,914호,9.0,,12.9463,5.84,126000000,100800000,102320000.0,2021-02-08,2021,2,8,매각,80,81.0,
서울북부1계,2020-101164,2020,아파트,"서울특별시 동대문구 장안동 466-5, 6층605호",,서울특별시 동대문구 장안동,466-5,0,605호,6.0,,12.5803,5.78,124000000,99200000,99519000.0,2021-02-08,2021,2,8,매각,80,80.0,
서울중앙10계,2019-2361,2019,아파트,"서울특별시 강남구 청담동 130-7, 5층501호 (청담동,마크힐스2단지)",,서울특별시 강남구 청담동,130-7,0,501호,5.0,마크힐스2단지,192.86,90.36,4570000000,1197998000,1231000000.0,2021-02-03,2021,2,3,매각,26,27.0,선순위전세권
서울중앙10계,2020-100346,2020,아파트,"서울특별시 강남구 압구정동 513, 53동 12층1206호 (압구정동,한양아파트)",,서울특별시 강남구 압구정동,513,53동,1206호,12.0,한양아파트,115.24,63.17,2870000000,2296000000,3155150000.0,2021-02-03,2021,2,3,매각,80,110.0,
서울중앙1계,2019-9768,2019,아파트,"서울특별시 강남구 청담동 128-18, 13층1301호 (청담동,상지리츠빌카일룸2)",,서울특별시 강남구 청담동,128-18,0,1301호,13.0,상지리츠빌카일룸2,244.32,99.46,6470000000,4140800000,6011000000.0,2021-02-02,2021,2,2,매각,64,93.0,
서울중앙1계,2020-100636,2020,아파트,"서울특별시 동작구 상도동 531, 104동 13층 1305호 (상도동,힐스테이트 상도 센트럴파크)",,서울특별시 동작구 상도동,531,104동,1305호,13.0,힐스테이트상도센트럴파크,59.1,34.16,675000000,540000000,702365999.0,2021-02-02,2021,2,2,매각,80,104.0,토지및건물 지분매각
서울동부2계,2019-4780,2019,아파트,"서울특별시 송파구 풍납동 219, 3동 10층1005호 (풍납동,미성맨션)",,서울특별시 송파구 풍납동,219,3동,1005호,10.0,미성맨션,116.965,72.69,854000000,854000000,1328810000.0,2021-02-01,2021,2,1,매각,100,156.0,
서울동부2계,2020-272,2020,아파트,"서울특별시 광진구 자양동 695, 2동 7층706호 (자양동,한양아파트)",,서울특별시 광진구 자양동,695,2동,706호,7.0,한양아파트,137.45,87.7,1450000000,1450000000,1751010000.0,2021-02-01,2021,2,1,매각,100,121.0,공유물분할경매
서울동부2계,2020-1336,2020,아파트,"서울특별시 송파구 잠실동 86, 6동 1층102호 (잠실동,아시아선수촌아파트)",,서울특별시 송파구 잠실동,86,6동,102호,1.0,아시아선수촌아파트,176.048,119.07600000000001,2960000000,2960000000,3110000000.0,2021-02-01,2021,2,1,매각,100,105.0,
서울동부2계,2020-1961,2020,아파트,"서울특별시 성동구 행당동 377, 103동 17층1702호 (행당동,서울숲더샵)",,서울특별시 성동구 행당동,377,103동,1702호,17.0,서울숲더샵,92.08,,1420000000,1420000000,1500000000.0,2021-02-01,2021,2,1,매각,100,106.0,
서울동부2계,2020-50444,2020,아파트,"서울특별시 광진구 중곡동 681, 101동 24층2402호 (중곡동,성원아파트)",,서울특별시 광진구 중곡동,681,101동,2402호,24.0,성원아파트,59.82,20.5,385000000,385000000,491999990.0,2021-02-01,2021,2,1,매각,100,128.0,
서울동부2계,2020-52822,2020,아파트,"서울특별시 송파구 방이동 157, 102동 2층201호 (방이동,방이금호어울림)",,서울특별시 송파구 방이동,157,102동,201호,2.0,방이금어울림,84.3,34.843,844000000,844000000,1085550000.0,2021-02-01,2021,2,1,매각,100,129.0,
서울남부5계,2020-106876,2020,아파트,"서울특별시 영등포구 대림동 695, 제201동 제14층 제1403호",,서울특별시 영등포구 대림동,695,제201동,1403호,14.0,695제제,79.91,31.82,573000000,573000000,631000000.0,2021-01-27,2021,1,27,매각,100,110.0,
서울남부10계,2020-103716,2020,아파트,"서울특별시 강서구 화곡동 343-35, 4층 402호 (화곡동,성재센트리움아파트)",,서울특별시 강서구 화곡동,343-35,0,402호,4.0,성재센트리움아파트,30.69,11.0312,170000000,108800000,164950000.0,2021-01-26,2021,1,26,매각,64,97.0,"대항력있는임차인,선순위임차권"
서울남부10계,2020-106159,2020,아파트,"서울특별시 강서구 화곡동 938-26, 8층801호 (화곡동,한경빌)",,서울특별시 강서구 화곡동,938-26,0,801호,8.0,한경빌,15.55,4.58,94000000,75200000,76200000.0,2021-01-26,2021,1,26,매각,80,81.0,대항력있는임차인
서울북부9계,2018-100151,2018,아파트,"서울특별시 성북구 석관동 10, 107동 17층1703호 (석관동,두산아파트)",,서울특별시 성북구 석관동,10,107동,1703호,17.0,두산아파트,84.9,34.95,474000000,474000000,839900000.0,2021-01-25,2021,1,25,매각,100,177.0,대항력있는임차인
서울동부4계,2019-5530,2019,아파트,"서울특별시 송파구 잠실동 22, 263동 27층2701호 (잠실동,리센츠)",,서울특별시 송파구 잠실동,22,263동,2701호,27.0,리센츠,62.11,29.32,1250000000,409600000,570000100.0,2021-01-25,2021,1,25,매각,33,46.0,토지및건물 지분매각
서울동부4계,2019-6045,2019,아파트,"서울특별시 송파구 마천동 20, 102동 2층208호 (마천동,신동아아파트)",,서울특별시 송파구 마천동,20,102동,208호,2.0,20마천동아아파트,59.88,25.54,465000000,465000000,605899990.0,2021-01-25,2021,1,25,매각,100,130.0,
서울북부5계,2020-582,2020,아파트,"서울특별시 동대문구 청량리동 235-11, 2동 3층305호 (청량리동,미주아파트)",,서울특별시 동대문구 청량리동,235-11,2동,305호,3.0,미주아파트,101.62,44.89,980000000,980000000,1153300000.0,2021-01-25,2021,1,25,매각,100,118.0,"공유물분할경매,대항력있는임차인"
서울북부5계,2020-2472,2020,아파트,"서울특별시 성북구 하월곡동 46-73, 34층101-3401호 (하월곡동,코업스타클래스)",,서울특별시 성북구 하월곡동,46-73,0,101-3401호,34.0,코업스타클래스,170.45,36.86,1200000000,1200000000,1355000000.0,2021-01-25,2021,1,25,매각,100,113.0,법정지상권
서울북부8계,2020-100659,2020,아파트,"서울특별시 동대문구 장안동 363-11, 2층201호 (장안동,정암아파트)",,서울특별시 동대문구 장안동,363-11,0,201호,2.0,정암아파트,42.48,24.689,208000000,133120000,170400000.0,2021-01-25,2021,1,25,매각,64,82.0,지분매각
서울북부9계,2020-103078,2020,아파트,"서울특별시 강북구 미아동 1353, 130동 9층901호 (미아동,에스케이북한산시티아파트)",,서울특별시 강북구 미아동,1353,130동,901호,9.0,에스케이북한산시티아파트,59.98,26.72,510000000,510000000,619900000.0,2021-01-25,2021,1,25,매각,100,122.0,임금채권
서울남부11계,2019-105983,2019,아파트,"서울특별시 구로구 구로동 106-2, 20층2002호 (구로동,대림역포스큐)",,서울특별시 구로구 구로동,106-2,0,2002호,20.0,대림역포스큐,14.579,2.281,126000000,80640000,110970000.0,2021-01-20,2021,1,20,매각,64,88.0,
서울남부11계,2020-100410,2020,아파트,"서울특별시 금천구 가산동 141-2, 16층 1613호 (가산동,가산양우내안애애플)",,서울특별시 금천구 가산동,141-2,0,1613호,16.0,가산양우내안애애플,12.04,2.89,121000000,96800000,112000000.0,2021-01-20,2021,1,20,매각,80,93.0,대항력있는임차인
서울남부11계,2020-100519,2020,아파트,"서울특별시 영등포구 영등포동2가 94-314, 7층 702호 (영등포동2가,두리하임)",,서울특별시 영등포구 영등포동2가,94-314,0,702호,7.0,두리하임,27.18,9.995,227000000,181600000,215000000.0,2021-01-20,2021,1,20,매각,80,95.0,대항력있는임차인
서울남부11계,2020-103471,2020,아파트,"서울특별시 구로구 개봉동 470, 106동 13층 1302호 (개봉동,삼환아파트)",,서울특별시 구로구 개봉동,470,106동,1302호,13.0,삼환아파트,114.48,34.08,560000000,560000000,681110000.0,2021-01-20,2021,1,20,매각,100,122.0,
서울남부11계,2020-103877,2020,아파트,"서울특별시 영등포구 영등포동1가 75-4, 10층1006호 (영등포동1가,메트로가든)",,서울특별시 영등포구 영등포동1가,75-4,0,1006호,10.0,메트로가든,12.4,4.9910000000000005,143000000,114400000,122000000.0,2021-01-20,2021,1,20,매각,80,85.0,"대항력있는임차인,선순위가등기"
서울남부11계,2020-104269,2020,아파트,"서울특별시 영등포구 신길동 4937, 103동 15층 1502호 (신길동,신길뉴타운한화꿈에그린)",,서울특별시 영등포구 신길동,4937,103동,1502호,15.0,신길뉴타운한화꿈에그린,84.5802,47.4423,1010000000,1010000000,1200011000.0,2021-01-20,2021,1,20,매각,100,119.0,
서울서부7계,2020-1796,2020,아파트,"서울특별시 서대문구 연희동 194-30, 3층비316호 (연희동,브라운스톤 연희)",,서울특별시 서대문구 연희동,194-30,0,비316호,3.0,브라운스톤연희,16.01,6.961,182000000,74547000,,2021-01-19,2021,1,19,배당종결,41,,대항력있는임차인
서울동부1계,2020-2483,2020,아파트,"서울특별시 성동구 금호동2가 1217, 105동 12층1201호 (금호동2가,래미안하이리버)",,서울특별시 성동구 금호동2가,1217,105동,1201호,12.0,래미안하이리버,84.98,43.43,1300000000,1300000000,1321500000.0,2021-01-18,2021,1,18,매각,100,102.0,
서울서부5계,2019-5891,2019,아파트,"서울특별시 서대문구 홍은동 277-145, 지하층비01호 (홍은동,교수아파트 에이동)",,서울특별시 서대문구 홍은동,277-145,에이동,비01호,-1.0,교수아파트,100.44,,313000000,200320000,241000000.0,2020-12-15,2020,12,15,매각,64,77.0,
서울서부7계,2019-6061,2019,아파트,"서울특별시 은평구 진관동 84, 227동 3층301호 (진관동,은평뉴타운우물골)",,서울특별시 은평구 진관동,84,227동,301호,3.0,은평뉴타운우물골,101.49,,705000000,705000000,830100000.0,2020-12-15,2020,12,15,매각,100,118.0,대지권미등기
서울서부7계,2019-6061,2019,아파트,"서울특별시 은평구 진관동 132, 424동 13층1302호 (진관동,은평뉴타운폭포동)",,서울특별시 은평구 진관동,132,424동,1302호,13.0,132진관동,101.49,,834000000,834000000,963100000.0,2020-12-15,2020,12,15,매각,100,115.0,대지권미등기
서울서부5계,2020-51050,2020,아파트,"서울특별시 은평구 진관동 84, 226동 2층201호 (진관동,은평뉴타운우물골)",,서울특별시 은평구 진관동,84,226동,201호,2.0,은평뉴타운우물골,134.63,,771000000,771000000,892000000.0,2020-12-15,2020,12,15,매각,100,116.0,
서울서부1계,2019-55421,2019,아파트,"서울특별시 서대문구 홍은동 186-25, 1층102호 (홍은동,서강아파트2차)",,서울특별시 서대문구 홍은동,186-25,0,102호,1.0,서강아파트2차,139.58,57.88,437000000,349600000,459150000.0,2020-12-08,2020,12,8,매각,80,105.0,대항력있는임차인
서울서부1계,2020-51920,2020,아파트,"서울특별시 은평구 구산동 159-10, 103동 5층501호 (구산동,브라운스톤 구산)",,서울특별시 은평구 구산동,159-10,103동,501호,5.0,브라운스톤구산,59.97,32.6,408000000,408000000,541661600.0,2020-12-08,2020,12,8,매각,100,133.0,
서울동부4계,2019-56460,2019,아파트,"서울특별시 광진구 중곡동 292, 101동 3층301호 (중곡동,에스케이아파트)",,서울특별시 광진구 중곡동,292,101동,301호,3.0,에스케이아파트,58.43,18.227999999999998,478000000,478000000,567100000.0,2020-12-07,2020,12,7,매각,100,119.0,대항력있는임차인
서울동부4계,2020-50512,2020,아파트,"서울특별시 강동구 길동 474, 108동 6층502호 (길동,지에스강동자이아파트)",,서울특별시 강동구 길동,474,108동,502호,6.0,474길동자이아파트,126.43,51.111999999999995,1120000000,1120000000,1265500000.0,2020-12-07,2020,12,7,매각,100,113.0,
서울동부4계,2020-52693,2020,아파트,"서울특별시 강동구 성내동 468, 14층1401호 (성내동,현대토파즈)",,서울특별시 강동구 성내동,468,0,1401호,14.0,현대토파즈,187.41,62.37,1220000000,1220000000,1500990000.0,2020-12-07,2020,12,7,매각,100,123.0,
서울중앙7계,2019-8925,2019,아파트,"서울특별시 동작구 상도동 533, 209동 10층1001호 (상도동,힐스테이트상도프레스티지)",,서울특별시 동작구 상도동,533,209동,1001호,10.0,힐스테이트상도프레스티지,59.928000000000004,38.178000000000004,822000000,822000000,1046990000.0,2020-12-03,2020,12,3,매각,100,127.0,
서울남부10계,2019-104393,2019,아파트,"서울특별시 양천구 신월동 987-1, 3동 4층411호 (신월동,신월시영아파트)",,서울특별시 양천구 신월동,987-1,3동,411호,4.0,신월시영아파트,43.2,41.81,300000000,300000000,571230000.0,2020-12-02,2020,12,2,매각,100,190.0,대항력있는임차인
서울남부10계,2020-101123,2020,아파트,"서울특별시 강서구 화곡동 925-5, 6층 602호 (화곡동,풍원팰리스)",,서울특별시 강서구 화곡동,925-5,0,602호,6.0,풍원팰리스,43.8,12.0,260000000,208000000,225000000.0,2020-12-02,2020,12,2,매각,80,87.0,대항력있는임차인
서울남부10계,2020-102805,2020,아파트,"서울특별시 강서구 내발산동 672-15, 1층103호 (내발산동,원다벨라빌아파트)",,서울특별시 강서구 내발산동,672-15,0,103호,1.0,원다벨라빌아파트,84.0152,41.74,505000000,404000000,405000000.0,2020-12-02,2020,12,2,매각,80,80.0,
서울서부3계,2019-1233,2019,아파트,"서울특별시 서대문구 홍은동 281, 7층702호 (홍은동,로하스아파트)",,서울특별시 서대문구 홍은동,281,0,702호,7.0,로하스아파트,65.01,31.68,277000000,277000000,310000000.0,2020-12-01,2020,12,1,매각,100,112.0,대항력있는임차인
서울서부3계,2019-4171,2019,아파트,"서울특별시 은평구 갈현동 539, 101동 3층308호 (갈현동,갈현동한솔아파트)",,서울특별시 은평구 갈현동,539,101동,308호,3.0,539갈현동한솔아파트,84.93,40.88,344000000,344000000,386000000.0,2020-12-01,2020,12,1,매각,100,112.0,
서울중앙21계,2019-8994,2019,아파트,"서울특별시 중구 회현동1가 208, 13층102-1302호 (회현동1가,남산롯데캐슬아이리스)",,서울특별시 중구 회현동1가,208,0,102-1302호,13.0,남산롯데캐슬아이리스,187.44,26.62,1603000000,1282400000,1518100000.0,2020-12-01,2020,12,1,매각,80,95.0,법정지상권
서울서부6계,2019-52743,2019,아파트,"서울특별시 서대문구 연희동 194-30, 2층비213호 (연희동,브라운스톤 연희)",,서울특별시 서대문구 연희동,194-30,0,비213호,2.0,브라운스톤연희,16.95,7.37,192000000,153600000,163000000.0,2020-12-01,2020,12,1,매각,80,85.0,대항력있는임차인
서울서부6계,2019-52743,2019,아파트,"서울특별시 서대문구 연희동 194-30, 3층비306호 (연희동,브라운스톤 연희)",,서울특별시 서대문구 연희동,194-30,0,비306호,3.0,브라운스톤연희,12.03,5.231,136000000,108800000,108800000.0,2020-12-01,2020,12,1,매각,80,80.0,대항력있는임차인
서울서부6계,2020-1093,2020,아파트,"서울특별시 마포구 창전동 449, 102동 14층1402호 (창전동,마포웨스트리버태영데시앙)",,서울특별시 마포구 창전동,449,102동,1402호,14.0,마포웨스트리버태영데시앙,102.7,56.2134,1420000000,1420000000,1582000000.0,2020-12-01,2020,12,1,매각,100,111.0,
서울중앙21계,2020-100759,2020,아파트,"서울특별시 서초구 서초동 1310-26, 201동 4층 404호 (서초동,서초 푸르지오 써밋)",,서울특별시 서초구 서초동,1310-26,201동,404호,4.0,서초푸르지오써밋,52.06,23.19,1240000000,992000000,1182000000.0,2020-12-01,2020,12,1,매각,80,95.0,토지및건물 지분매각
서울동부1계,2020-53351,2020,아파트,"서울특별시 강동구 길동 143-4, 4층403호 (길동,서한베네치아아파트)",,서울특별시 강동구 길동,143-4,0,403호,4.0,서한베네치아아파트,83.86,32.92,505000000,505000000,599900000.0,2020-11-30,2020,11,30,매각,100,119.0,
서울남부3계,2020-2288,2020,아파트,"서울특별시 양천구 신정동 327, 1332동 12층1202호 (신정동,목동신시가지아파트)",,서울특별시 양천구 신정동,327,1332동,1202호,12.0,327신정동신시가지아파트,151.76,113.77,1952000000,1952000000,1970500000.0,2020-11-26,2020,11,26,매각,100,101.0,
서울남부3계,2020-2325,2020,아파트,"서울특별시 구로구 개봉동 492, 101동 14층1401호 (개봉동,개봉푸르지오)",,서울특별시 구로구 개봉동,492,101동,1401호,14.0,개봉푸르지오,119.98,50.5506,793000000,793000000,911000000.0,2020-11-26,2020,11,26,매각,100,115.0,
서울중앙10계,2019-109415,2019,아파트,"서울특별시 강남구 청담동 134-38, 105동 22층 2204호 (청담동,청담자이아파트)",,서울특별시 강남구 청담동,134-38,105동,2204호,22.0,청담자이아파트,89.115,45.0515,3100000000,2480000000,3030300000.0,2020-11-25,2020,11,25,매각,80,98.0,대항력있는임차인
서울중앙10계,2019-110378,2019,아파트,"서울특별시 강남구 일원동 716, 109동 7층 703호 (일원동,목련타운아파트)",,서울특별시 강남구 일원동,716,109동,703호,7.0,목련타운아파트,9.07,3.98,169000000,169000000,170010000.0,2020-11-25,2020,11,25,매각,100,101.0,토지및건물 지분매각
서울남부5계,2020-1124,2020,아파트,"서울특별시 강서구 화곡동 1145, 303동 2층202호 (화곡동,우장산롯데캐슬)",,서울특별시 강서구 화곡동,1145,303동,202호,2.0,우장산롯데캐슬,177.86,87.48,990000000,990000000,1237000000.0,2020-11-25,2020,11,25,매각,100,125.0,
서울남부4계,2020-107,2020,아파트,"서울특별시 구로구 개봉동 270-80, 2동 2층208호",,서울특별시 구로구 개봉동,270-80,2동,208호,2.0,270-80,29.115,21.245,115000000,92000000,105890000.0,2020-11-24,2020,11,24,매각,80,92.0,토지및건물 지분매각
서울남부4계,2020-1438,2020,아파트,"서울특별시 영등포구 신길동 4937, 104동 13층1301호 (신길동,신길뉴타운한화꿈에그린)",,서울특별시 영등포구 신길동,4937,104동,1301호,13.0,신길뉴타운한화꿈에그린,120.6939,67.699,1150000000,1150000000,1265990000.0,2020-11-24,2020,11,24,매각,100,110.0,
서울남부4계,2020-100212,2020,아파트,"서울특별시 구로구 오류동 342, 102동 15층1503호 (오류동,영풍마드레빌아파트)",,서울특별시 구로구 오류동,342,102동,1503호,15.0,영풍마드레빌아파트,84.741,38.760999999999996,541000000,541000000,649743360.0,2020-11-24,2020,11,24,매각,100,120.0,공유물분할경매
서울동부5계,2019-51762,2019,아파트,"서울특별시 송파구 가락동 126-2, 8층801호 (가락동,프라임아파트)",,서울특별시 송파구 가락동,126-2,0,801호,8.0,프라임아파트,84.4,31.68,563000000,563000000,766660000.0,2020-11-23,2020,11,23,매각,100,136.0,대항력있는임차인
서울중앙3계,2019-9942,2019,아파트,"서울특별시 서초구 방배동 460-1, 1층101호 (방배동,덕산럭스아파트)",,서울특별시 서초구 방배동,460-1,0,101호,1.0,덕산럭스아파트,142.26,58.25,1550000000,1240000000,1377700000.0,2020-11-17,2020,11,17,매각,80,89.0,
서울남부8계,2019-108852,2019,아파트,"서울특별시 강서구 화곡동 923-17, 6층 602호 (화곡동,효성아파트)",,서울특별시 강서구 화곡동,923-17,0,602호,6.0,효성아파트,51.18,19.99,168000000,107520000,131800000.0,2020-11-17,2020,11,17,매각,64,78.0,
서울동부3계,2019-5271,2019,아파트,"서울특별시 강동구 길동 414-4, 16층1608호 (길동,강동와이시티)",,서울특별시 강동구 길동,414-4,강동,1608호,16.0,길동와이시티,13.97,3.5981,126000000,64512000,102000010.0,2020-11-16,2020,11,16,매각,51,81.0,
서울북부9계,2019-9064,2019,아파트,서울특별시 노원구 월계동  496-2 송암아파트 4층402호,,서울특별시 노원구 월계동,496-2,0,402호,4.0,496-2송암아파트,58.23,27.35,280000000,224000000,242550000.0,2020-11-16,2020,11,16,매각,80,87.0,
서울북부9계,2020-452,2020,아파트,"서울특별시 동대문구 청량리동 235-11, 3동 4층403호 (청량리동,미주아파트)",,서울특별시 동대문구 청량리동,235-11,3동,403호,4.0,미주아파트,68.75,30.65,570000000,570000000,630000000.0,2020-11-16,2020,11,16,매각,100,111.0,토지및건물 지분매각
서울동부3계,2020-51294,2020,아파트,"서울특별시 송파구 가락동 79, 8층801호 (가락동,송파롯데캐슬파인힐)",,서울특별시 송파구 가락동,79,0,801호,8.0,송파롯데캐슬파인힐,180.667,24.616,1148000000,1148000000,1220000010.0,2020-11-16,2020,11,16,매각,100,106.0,
서울중앙2계,2019-107280,2019,아파트,"서울특별시 관악구 신림동 1735, 205동 7층 702호 (신림동,관악산휴먼시아)",,서울특별시 관악구 신림동,1735,205동,702호,7.0,관악산휴먼시아,84.97,47.6202,575000000,575000000,707778770.0,2020-11-12,2020,11,12,매각,100,123.0,
서울중앙2계,2019-109538,2019,아파트,"서울특별시 동작구 노량진동 325, 706동 20층 2005호 (노량진동,신동아리버파크)",,서울특별시 동작구 노량진동,325,706동,2005호,20.0,325노량진동아리버파크,59.67,23.55,655000000,655000000,837000000.0,2020-11-12,2020,11,12,매각,100,128.0,
서울남부11계,2019-109107,2019,아파트,"서울특별시 양천구 신월동 134-17, 8층804호 (신월동,태형아파트)",,서울특별시 양천구 신월동,134-17,0,804호,8.0,태형아파트,59.76,18.58,249000000,199200000,273400000.0,2020-11-11,2020,11,11,매각,80,110.0,"공유물분할경매,대항력있는임차인"
서울중앙1계,2019-6844,2019,아파트,"서울특별시 동작구 신대방동 711, 101동 11층1105호 (신대방동,보라매파크빌아파트)",,서울특별시 동작구 신대방동,711,101동,1105호,11.0,보라매파크빌아파트,84.59,42.87,893000000,893000000,1183110000.0,2020-11-10,2020,11,10,매각,100,132.0,
서울남부9계,2019-108821,2019,아파트,"서울특별시 구로구 개봉동 481, 117동 22층 2201호 (개봉동,현대아파트)",,서울특별시 구로구 개봉동,481,117동,2201호,22.0,현대아파트,114.99,41.78,762000000,762000000,861867000.0,2020-11-10,2020,11,10,매각,100,113.0,
서울동부2계,2019-54037,2019,아파트,"서울특별시 강동구 성내동 405-9, 801동 3층302호 (성내동,한솔애리즈아파트)",,서울특별시 강동구 성내동,405-9,801동,302호,3.0,한솔애리즈아파트,84.74,51.74,566000000,452800000,572000000.0,2020-11-09,2020,11,9,매각,80,101.0,유치권
서울동부2계,2019-56316,2019,아파트,"서울특별시 송파구 장지동 857, 1301동 3층303호 (장지동,송파파인타운13단지)",,서울특별시 송파구 장지동,857,1301동,303호,3.0,송파파인타운13단지,84.92,,1150000000,1150000000,1410000000.0,2020-11-09,2020,11,9,매각,100,123.0,
서울북부3계,2019-100332,2019,아파트,"서울특별시 동대문구 답십리동 10, 102동 2층 205호 (답십리동,동아아파트)",,서울특별시 동대문구 답십리동,10,102동,205호,2.0,10답십리동아아파트,101.94,37.06,562000000,562000000,732100000.0,2020-11-09,2020,11,9,매각,100,130.0,
서울북부3계,2020-636,2020,아파트,"서울특별시 중랑구 면목동 1512, 5층504호 (면목동,형진아파트)",,서울특별시 중랑구 면목동,1512,0,504호,5.0,형진아파트,84.18,27.73,430000000,430000000,452600000.0,2020-11-09,2020,11,9,매각,100,105.0,
서울북부3계,2020-101041,2020,아파트,"서울특별시 동대문구 휘경동 365, 106동 15층1501호 (휘경동,휘경동일하이빌)",,서울특별시 동대문구 휘경동,365,106동,1501호,15.0,365휘경동일하이빌,84.99700000000001,43.3586,602000000,602000000,787570000.0,2020-11-09,2020,11,9,매각,100,131.0,대항력있는임차인
서울북부4계,2020-101263,2020,아파트,"서울특별시 강북구 미아동 198-36, 10층1001호 (미아동,그린힐빌라트아파트)",,서울특별시 강북구 미아동,198-36,0,1001호,10.0,그린힐빌라트아파트,198.95,82.38,710000000,568000000,681830000.0,2020-11-09,2020,11,9,매각,80,96.0,
서울중앙21계,2020-255,2020,아파트,"서울특별시 동작구 상도동 283-68, 1층102호 (상도동,파크뷰아파트)",,서울특별시 동작구 상도동,283-68,0,102호,1.0,파크뷰아파트,79.44,38.77,300000000,240000000,285880000.0,2020-11-03,2020,11,3,매각,80,95.0,
서울동부4계,2019-4049,2019,아파트,"서울특별시 강동구 둔촌동 545, 15층1512호 (둔촌동,둔촌하이츠아파트)",,서울특별시 강동구 둔촌동,545,0,1512호,15.0,둔촌하이츠아파트,114.69,37.76,892000000,892000000,980010000.0,2020-11-02,2020,11,2,매각,100,110.0,
서울동부4계,2019-5301,2019,아파트,"서울특별시 송파구 거여동 291, 208동 4층401호 (거여동,효성아파트)",,서울특별시 송파구 거여동,291,208동,401호,4.0,효성아파트,101.95,47.86600000000001,950000000,950000000,1060100000.0,2020-11-02,2020,11,2,매각,100,112.0,
서울동부4계,2019-5417,2019,아파트,"서울특별시 광진구 광장동 145-8, 13동 2층204호",,서울특별시 광진구 광장동,145-8,13동,204호,2.0,145-8,226.45,223.0,2320000000,1856000000,2187000000.0,2020-11-02,2020,11,2,매각,80,94.0,
서울동부4계,2020-814,2020,아파트,"서울특별시 송파구 문정동 145, 6동 12층1202호 (문정동,문정시영아파트)",,서울특별시 송파구 문정동,145,6동,1202호,12.0,문정시영아파트,39.69,26.592,638000000,638000000,731519000.0,2020-11-02,2020,11,2,매각,100,115.0,
서울북부2계,2020-101614,2020,아파트,"서울특별시 성북구 돈암동 609-1, 111동 6층606호 (돈암동,한신아파트)",,서울특별시 성북구 돈암동,609-1,111동,606호,6.0,한신아파트,66.48,26.505,377000000,377000000,380000800.0,2020-11-02,2020,11,2,매각,100,101.0,토지및건물 지분매각
서울남부10계,2020-893,2020,아파트,"서울특별시 강서구 내발산동 749, 504동 6층604호 (내발산동,마곡 수명산 파크 5단지)",,서울특별시 강서구 내발산동,749,504동,604호,6.0,마곡수명산파크5단지,59.84,41.723,668000000,534400000,712500000.0,2020-10-28,2020,10,28,매각,80,107.0,대항력있는임차인
서울남부10계,2020-1223,2020,아파트,"서울특별시 강서구 염창동 272-28, 302동 1층106호 (염창동,염창3차우성아파트)",,서울특별시 강서구 염창동,272-28,302동,106호,1.0,염창3차우성아파트,84.96,39.51,647000000,517600000,707070700.0,2020-10-28,2020,10,28,매각,80,109.0,
서울서부6계,2020-51289,2020,아파트,"서울특별시 은평구 진관동 13, 707동 5층504호 (진관동,은평뉴타운 상림마을)",,서울특별시 은평구 진관동,13,707동,504호,5.0,은평뉴타운상림마을,84.83,66.9883,649000000,649000000,715450000.0,2020-10-27,2020,10,27,매각,100,110.0,
서울중앙7계,2018-108149,2018,아파트,서울특별시 강남구 개포동  187  506동 2층205호,,서울특별시 강남구 개포동,187,506동,205호,2.0,187,61.19,51.08,1420000000,1420000000,1773100000.0,2020-10-22,2020,10,22,매각,100,125.0,
서울중앙7계,2019-4213,2019,아파트,"서울특별시 서초구 서초동 1467-37, 505동 1층101호 (서초동,서초3차대림이-편한세상)",,서울특별시 서초구 서초동,1467-37,505동,101호,1.0,서초3차대림이-편한세상,158.24,71.46,1585000000,1585000000,1632999999.0,2020-10-22,2020,10,22,매각,100,103.0,
서울중앙7계,2019-6837,2019,아파트,서울특별시 강남구 압구정동  482,,서울특별시 강남구 압구정동,482,0,,4.0,482,107.64,35.83,2110000000,2110000000,2413099999.0,2020-10-22,2020,10,22,매각,100,114.0,
서울남부3계,2020-1605,2020,아파트,"서울특별시 양천구 목동 905-22, 30층디-3004호 (목동,목동트윈빌)",,서울특별시 양천구 목동,905-22,목동,-3004호,30.0,디목동트윈빌,201.32,22.70300000000001,1400000000,1400000000,1680090000.0,2020-10-22,2020,10,22,매각,100,120.0,
서울중앙10계,2019-7069,2019,아파트,"서울특별시 강남구 청담동 104-5, 씨동 3층303호 (청담동,삼호빌라)",,서울특별시 강남구 청담동,104-5,씨동,303호,3.0,삼빌라,229.77,96.25,3124000000,1999360000,2800000000.0,2020-10-21,2020,10,21,매각,64,90.0,
서울중앙10계,2019-104144,2019,아파트,"서울특별시 동작구 사당동 238-6, 3층302호 (사당동,레디앙스아파트)",,서울특별시 동작구 사당동,238-6,0,302호,3.0,레디앙스아파트,74.47,35.344,430000000,344000000,485000000.0,2020-10-21,2020,10,21,매각,80,113.0,
서울중앙10계,2019-107563,2019,아파트,"서울특별시 서초구 잠원동 58-16, 319동 12층 1211호 (잠원동,신반포아파트)",,서울특별시 서초구 잠원동,58-16,319동,1211호,12.0,신반포아파트,54.11,30.02,1550000000,1550000000,1661230000.0,2020-10-21,2020,10,21,매각,100,107.0,
서울남부4계,2018-103058,2018,아파트,"서울특별시 양천구 신정동 1306, 106동 2층203호 (신정동,세양청마루아파트)",,서울특별시 양천구 신정동,1306,106동,203호,2.0,세양청마루아파트,84.98,43.9,575000000,575000000,803770000.0,2020-10-20,2020,10,20,매각,100,140.0,
서울동부5계,2019-56071,2019,아파트,"서울특별시 광진구 군자동 99, 102동 2층212호 (군자동,일성파크아파트)",,서울특별시 광진구 군자동,99,102동,212호,2.0,일성파크아파트,84.96,37.18,611000000,611000000,634080000.0,2020-10-19,2020,10,19,매각,100,104.0,
서울남부11계,2019-8655,2019,아파트,"서울특별시 강서구 화곡동 1159, 126동 10층1002호 (화곡동,우장산아이파크이편한세상)",,서울특별시 강서구 화곡동,1159,126동,1002호,10.0,우장산아이파크이편한세상,84.97,40.282,936000000,936000000,1076400000.0,2020-10-14,2020,10,14,매각,100,115.0,
서울남부11계,2019-9214,2019,아파트,"서울특별시 영등포구 영등포동8가 51-1, 13층1305호 (영등포동8가,메이준)",,서울특별시 영등포구 영등포동8가,51-1,0,1305호,13.0,메이준,12.23,2.95,127000000,81280000,96100000.0,2020-10-14,2020,10,14,매각,64,76.0,
서울남부11계,2019-9214,2019,아파트,"서울특별시 구로구 구로동 104-3, 12층1207호 (구로동,그린플러스구로해담채3)",,서울특별시 구로구 구로동,104-3,0,1207호,12.0,그린플러스구로해담채3,13.39,2.7336,130000000,83200000,90900000.0,2020-10-14,2020,10,14,매각,64,70.0,
서울중앙4계,2019-108757,2019,아파트,"서울특별시 강남구 개포동 177, 1동 6층 601호 (개포동,현대아파트)",,서울특별시 강남구 개포동,177,1동,601호,6.0,현대아파트,163.85,117.47,2470000000,2470000000,2910000000.0,2020-10-14,2020,10,14,매각,100,118.0,
서울중앙4계,2019-9591,2019,아파트,"서울특별시 관악구 신림동 1727, 101동 20층2003호 (신림동,임광관악파크)",,서울특별시 관악구 신림동,1727,101동,2003호,20.0,임광관악파크,119.96,44.19,639000000,639000000,655700000.0,2020-10-14,2020,10,14,매각,100,103.0,
서울남부1계,2019-106979,2019,아파트,"서울특별시 강서구 방화동 819, 104동 7층 705호 (방화동,방화동개화아파트)",,서울특별시 강서구 방화동,819,104동,705호,7.0,819방화동개화아파트,133.98,61.423,695000000,695000000,753750000.0,2020-10-13,2020,10,13,매각,100,108.0,법정지상권
서울중앙3계,2019-107020,2019,아파트,"서울특별시 강남구 도곡동 467-29, 지동 22층 2207호 (도곡동,타워팰리스)",,서울특별시 강남구 도곡동,467-29,지동,2207호,22.0,타워팰리스,141.648,23.24,2210000000,2210000000,2806880000.0,2020-10-13,2020,10,13,매각,100,127.0,
서울중앙3계,2019-107358,2019,아파트,"서울특별시 서초구 서초동 1754, 203동 26층 2604호 (서초동,래미안서초에스티지에스)",,서울특별시 서초구 서초동,1754,203동,2604호,26.0,래미안서초에스티지에스,111.01,48.4646,2550000000,2550000000,2741000000.0,2020-10-13,2020,10,13,매각,100,107.0,
서울남부1계,2019-109015,2019,아파트,"서울특별시 구로구 오류동 338, 203동 20층2002호 (오류동,동부골든아파트)",,서울특별시 구로구 오류동,338,203동,2002호,20.0,338오류동부골든아파트,42.48,15.76,200000000,200000000,221009000.0,2020-10-13,2020,10,13,매각,100,111.0,토지및건물 지분매각
서울동부3계,2018-53525,2018,아파트,"서울특별시 성동구 옥수동 561, 102동 13층1302호 (옥수동,래미안옥수리버젠)",,서울특별시 성동구 옥수동,561,102동,1302호,13.0,래미안옥수리버젠,84.81,44.32,1390000000,1112000000,1498789000.0,2020-10-12,2020,10,12,매각,80,108.0,
서울북부8계,2018-106043,2018,아파트,"서울특별시 도봉구 방학동 612-2, 3층301호 (방학동,태양아파트)",,서울특별시 도봉구 방학동,612-2,0,301호,3.0,태양아파트,81.87,38.0,233000000,186400000,193200000.0,2020-10-12,2020,10,12,매각,80,83.0,
서울동부3계,2019-3725,2019,아파트,"서울특별시 강동구 둔촌동 518-1, 2층205호 (둔촌동,그랜드아파트)",,서울특별시 강동구 둔촌동,518-1,0,205호,2.0,그랜드아파트,107.96,40.01,521000000,521000000,608900000.0,2020-10-12,2020,10,12,매각,100,117.0,
서울북부9계,2019-9972,2019,아파트,"서울특별시 성북구 석관동 410, 106동 17층1704호 (석관동,래미안아트리치)",,서울특별시 성북구 석관동,410,106동,1704호,17.0,래미안아트리치,84.97,46.3,810000000,810000000,924990000.0,2020-10-12,2020,10,12,매각,100,114.0,
서울동부3계,2019-53836,2019,아파트,서울특별시 송파구 잠실동 40,,서울특별시 송파구 잠실동,40,0,,33.0,40,84.445,12.95,1150000000,1150000000,1380000000.0,2020-10-12,2020,10,12,매각,100,120.0,대항력있는임차인
서울동부3계,2019-54549,2019,아파트,"서울특별시 송파구 방이동 89, 111동 12층1203호 (방이동,올림픽선수기자촌아파트)",,서울특별시 송파구 방이동,89,111동,1203호,12.0,올림픽선수기자촌아파트,100.82,83.57,1670000000,1670000000,1843500000.0,2020-10-12,2020,10,12,매각,100,110.0,
서울북부5계,2019-106217,2019,아파트,"서울특별시 동대문구 장안동 466-5, 6층615호",,서울특별시 동대문구 장안동,466-5,0,615호,6.0,,12.9463,5.84,125000000,100000000,115050000.0,2020-10-12,2020,10,12,매각,80,92.0,
서울북부8계,2019-107692,2019,아파트,"서울특별시 노원구 중계동 592, 102동 18층1804호 (중계동,벽산아파트)",,서울특별시 노원구 중계동,592,102동,1804호,18.0,벽산아파트,85.0,26.838,611000000,611000000,734444400.0,2020-10-12,2020,10,12,매각,100,120.0,
서울동부3계,2020-128,2020,아파트,"서울특별시 송파구 방이동 104-4, 9층902호 (방이동,아크로빌아파트)",,서울특별시 송파구 방이동,104-4,0,902호,9.0,아크로빌아파트,190.14,110.07,1295000000,1295000000,1950000000.0,2020-10-12,2020,10,12,매각,100,151.0,
서울북부5계,2020-101065,2020,아파트,"서울특별시 성북구 길음동 1279, 106동 6층604호 (길음동,래미안길음1차)",,서울특별시 성북구 길음동,1279,106동,604호,6.0,래미안길음1차,114.98,52.45,955000000,955000000,1088920000.0,2020-10-12,2020,10,12,매각,100,114.0,
서울북부8계,2020-101287,2020,아파트,"서울특별시 도봉구 방학동 507, 104동 9층903호 (방학동,우성아파트)",,서울특별시 도봉구 방학동,507,104동,903호,9.0,우성아파트,83.85,37.9388,380000000,380000000,468980000.0,2020-10-12,2020,10,12,매각,100,123.0,
서울북부9계,2020-101294,2020,아파트,"서울특별시 성북구 하월곡동 218, 3층306호 (하월곡동,아남아파트)",,서울특별시 성북구 하월곡동,218,0,306호,3.0,아남아파트,84.69,25.68,449000000,449000000,523777000.0,2020-10-12,2020,10,12,매각,100,117.0,
서울중앙2계,2019-2934,2019,아파트,서울특별시 서초구 방배동  482-4 청광아트빌14차 1층102호,,서울특별시 서초구 방배동,482-4,0,102호,1.0,482-4청광아트빌14차,244.84,101.56,1470000000,1470000000,1500000000.0,2020-10-08,2020,10,8,매각,100,102.0,공동담보
서울중앙2계,2019-2934,2019,아파트,서울특별시 서초구 방배동  482-4 청광아트빌14차 2층202호,,서울특별시 서초구 방배동,482-4,0,202호,2.0,482-4청광아트빌14차,244.84,101.55,1480000000,1480000000,1536000000.0,2020-10-08,2020,10,8,매각,100,104.0,공동담보
서울남부9계,2019-9429,2019,아파트,"서울특별시 구로구 구로동 110-4, 2층203호 (구로동,도림두산베어스타워)",,서울특별시 구로구 구로동,110-4,0,203호,2.0,도림두산베어스타워,49.77,18.585,341000000,272800000,302990000.0,2020-10-07,2020,10,7,매각,80,89.0,
서울남부9계,2019-109657,2019,아파트,"서울특별시 영등포구 대림동 778-43, 3층302호 (대림동,종인아네스트)",,서울특별시 영등포구 대림동,778-43,0,302호,3.0,종인아네스트,75.8,30.963,383000000,306400000,313500000.0,2020-10-07,2020,10,7,매각,80,82.0,대항력있는임차인
서울남부9계,2020-1766,2020,아파트,"서울특별시 양천구 목동 950, 101동 2층204호 (목동,목동 이-편한세상)",,서울특별시 양천구 목동,950,101동,204호,2.0,950목동이-편한세상,134.77,66.0,1240000000,1240000000,1258000000.0,2020-10-07,2020,10,7,매각,100,101.0,
서울서부5계,2019-6177,2019,아파트,"서울특별시 서대문구 남가좌동 381, 204동 4층404호 (남가좌동,디엠씨센트레빌)",,서울특별시 서대문구 남가좌동,381,204동,404호,4.0,디엠씨센트레빌,84.98,44.8261,805000000,805000000,887060000.0,2020-10-06,2020,10,6,매각,100,110.0,
서울중앙1계,2019-7779,2019,아파트,"서울특별시 강남구 대치동 66, 5동 1층102호",,서울특별시 강남구 대치동,66,5동,102호,1.0,66,141.21,81.02,2199000000,2199000000,2501001000.0,2020-10-06,2020,10,6,매각,100,114.0,
서울서부5계,2019-56448,2019,아파트,"서울특별시 은평구 진관동 84, 236동 2층201호 (진관동,은평뉴타운우물골)",,서울특별시 은평구 진관동,84,236동,201호,2.0,은평뉴타운우물골,167.71,,930000000,930000000,933260000.0,2020-10-06,2020,10,6,매각,100,100.0,대지권미등기
서울남부8계,2020-930,2020,아파트,"서울특별시 강서구 등촌동 691-3, 103동 13층1305호 (등촌동,부영아파트)",,서울특별시 강서구 등촌동,691-3,103동,1305호,13.0,부영아파트,80.64,42.986000000000004,797000000,797000000,838080000.0,2020-10-06,2020,10,6,매각,100,105.0,
서울남부8계,2020-101406,2020,아파트,"서울특별시 강서구 가양동 1461, 206동 6층 615호 (가양동,가양2단지성지아파트)",,서울특별시 강서구 가양동,1461,206동,615호,6.0,가양2단지성지아파트,39.6,26.737,453000000,453000000,545799999.0,2020-10-06,2020,10,6,매각,100,120.0,
서울중앙1계,2019-107600,2019,아파트,"서울특별시 관악구 신림동 739, 나동 2층 202호 (신림동,뉴서울아파트)",,서울특별시 관악구 신림동,739,나동,202호,2.0,뉴서울아파트,51.27,60.722,301000000,301000000,410000000.0,2020-10-06,2020,10,6,매각,100,136.0,대항력있는임차인
서울동부2계,2019-3213,2019,아파트,"서울특별시 성동구 성수동1가 685-696, 13층102-1303호 (성수동1가,갤러리아포레)",,서울특별시 성동구 성수동1가,685-696,0,102-1303호,13.0,갤러리아포레,217.86,40.8277,4330000000,3464000000,4052000000.0,2020-09-28,2020,9,28,매각,80,94.0,
서울북부4계,2019-9385,2019,아파트,"서울특별시 도봉구 창동 26, 6동 15층1506호 (창동,동아아파트)",,서울특별시 도봉구 창동,26,6동,1506호,15.0,26창동아아파트,109.5,55.16,790000000,790000000,821899000.0,2020-09-28,2020,9,28,매각,100,104.0,
서울북부3계,2019-9583,2019,아파트,"서울특별시 동대문구 회기동 346-18, 11층1109호 (회기동,회기역한일베라체캠퍼스)",,서울특별시 동대문구 회기동,346-18,0,1109호,11.0,회기역한일베라체캠퍼스,24.31900000000001,7.376,261000000,208800000,213600000.0,2020-09-28,2020,9,28,매각,80,82.0,대항력있는임차인
서울북부3계,2019-110476,2019,아파트,"서울특별시 도봉구 창동 807, 110동 4층404호 (창동,쌍용아파트)",,서울특별시 도봉구 창동,807,110동,404호,4.0,쌍용아파트,59.88,23.65,556000000,556000000,635700000.0,2020-09-28,2020,9,28,매각,100,114.0,
서울북부4계,2020-1332,2020,아파트,"서울특별시 중랑구 상봉동 128-10, 10층1001호 (상봉동,에스지타워)",,서울특별시 중랑구 상봉동,128-10,0,1001호,10.0,에스지타워,84.92,26.1,400000000,400000000,432015000.0,2020-09-28,2020,9,28,매각,100,108.0,
서울북부3계,2020-100437,2020,아파트,"서울특별시 동대문구 전농동 6, 6동 9층905호 (전농동,전농우성아파트)",,서울특별시 동대문구 전농동,6,6동,905호,9.0,전농우성아파트,115.56,55.265,613000000,613000000,674110000.0,2020-09-28,2020,9,28,매각,100,110.0,
서울북부3계,2020-100482,2020,아파트,"서울특별시 성북구 하월곡동 228, 103동 5층501호 (하월곡동,꿈의숲 푸르지오)",,서울특별시 성북구 하월곡동,228,103동,501호,5.0,꿈의숲푸르지오,114.61,70.2975,803000000,803000000,836100000.0,2020-09-28,2020,9,28,매각,100,104.0,
서울서부3계,2019-5280,2019,아파트,"서울특별시 서대문구 연희동 51-151, 3층302호 (연희동,충우아파트)",,서울특별시 서대문구 연희동,51-151,0,302호,3.0,충우아파트,105.44,45.03,438000000,280320000,324880000.0,2020-09-22,2020,9,22,매각,64,74.0,대항력있는임차인
서울서부6계,2019-5594,2019,아파트,"서울특별시 서대문구 연희동 194-30, 3층비319호 (연희동,브라운스톤 연희)",,서울특별시 서대문구 연희동,194-30,0,비319호,3.0,브라운스톤연희,12.6,5.479,143000000,114400000,120000000.0,2020-09-22,2020,9,22,매각,80,84.0,대항력있는임차인
서울서부6계,2020-410,2020,아파트,"서울특별시 용산구 이촌동 436, 103동 21층2101호 (이촌동,래미안첼리투스)",,서울특별시 용산구 이촌동,436,103동,2101호,21.0,래미안첼리투스,124.02,50.5,2900000000,2900000000,3151000000.0,2020-09-22,2020,9,22,매각,100,109.0,
서울서부3계,2020-50637,2020,아파트,"서울특별시 은평구 진관동 19, 815동 5층501호 (진관동,은평뉴타운 상림마을)",,서울특별시 은평구 진관동,19,815동,501호,5.0,은평뉴타운상림마을,134.51,,837000000,837000000,907399000.0,2020-09-22,2020,9,22,매각,100,108.0,대지권미등기
서울북부2계,2019-10149,2019,아파트,"서울특별시 동대문구 장안동 372-9, 에이동 9층901호 (장안동,청솔아파트)",,서울특별시 동대문구 장안동,372-9,에이동,901호,9.0,청솔아파트,59.92,16.664,387000000,309600000,335120000.0,2020-09-21,2020,9,21,매각,80,87.0,
서울북부1계,2019-10750,2019,아파트,"서울특별시 동대문구 장안동 466-5, 4층408호",,서울특별시 동대문구 장안동,466-5,0,408호,4.0,,12.9463,5.84,124000000,99200000,99490000.0,2020-09-21,2020,9,21,매각,80,80.0,
서울북부1계,2019-108084,2019,아파트,"서울특별시 동대문구 휘경동 57, 107동 3층 305호 (휘경동,주공아파트)",,서울특별시 동대문구 휘경동,57,107동,305호,3.0,주공아파트,84.84,39.4974,565000000,565000000,678950000.0,2020-09-21,2020,9,21,매각,100,120.0,
서울북부1계,2020-124,2020,아파트,"서울특별시 강북구 수유동 63, 21층2103호 (수유동,삼호아파트,수유프라자)",,서울특별시 강북구 수유동,63,0,2103호,21.0,수유프라자,74.48,11.277999999999999,347000000,277600000,351999900.0,2020-09-21,2020,9,21,매각,80,101.0,
서울북부2계,2020-1035,2020,아파트,"서울특별시 노원구 공릉동 370-4, 101동 9층907호 (공릉동,신원아파트)",,서울특별시 노원구 공릉동,370-4,101동,907호,9.0,신원아파트,59.59,21.796999999999997,370000000,370000000,447270000.0,2020-09-21,2020,9,21,매각,100,121.0,대항력있는임차인
서울북부2계,2020-100055,2020,아파트,"서울특별시 동대문구 답십리동 1000, 108동 7층703호 (답십리동,래미안엘파인아파트)",,서울특별시 동대문구 답십리동,1000,108동,703호,7.0,래미안엘파인아파트,59.95,32.31,612000000,612000000,701550000.0,2020-09-21,2020,9,21,매각,100,115.0,
서울동부1계,2019-50677,2019,아파트,"서울특별시 성동구 성수동1가 685-696, 8층102-801호 (성수동1가,갤러리아포레)",,서울특별시 성동구 성수동1가,685-696,0,102-801호,8.0,갤러리아포레,194.46,36.4425,3630000000,1189478000,1351999999.0,2020-09-14,2020,9,14,매각,33,37.0,"대항력있는임차인,선순위전세권"
서울동부5계,2019-4735,2019,아파트,"서울특별시 강동구 천호동 52-6, 1층102호 (천호동,천호2차이룸아파트)",,서울특별시 강동구 천호동,52-6,0,102호,1.0,천2차이룸아파트,83.81,47.29,447000000,447000000,451999000.0,2020-09-07,2020,9,7,매각,100,101.0,
서울서부5계,2019-6030,2019,아파트,"서울특별시 마포구 서교동 490, 아파트동 36층101동3605호 (서교동,메세나폴리스)",,서울특별시 마포구 서교동,490,아파트동,3605호,36.0,메세나폴리스,122.867,22.71,1540000000,1232000000,1600859999.0,2020-08-25,2020,8,25,매각,80,104.0,법정지상권
서울서부7계,2019-56653,2019,아파트,"서울특별시 서대문구 홍제동 331, 102동 5층501호 (홍제동,홍제현대아파트)",,서울특별시 서대문구 홍제동,331,102동,501호,5.0,홍제현대아파트,35.39,15.27,270000000,216000000,234895000.0,2020-08-25,2020,8,25,매각,80,87.0,토지및건물 지분매각
서울서부5계,2019-56592,2019,아파트,"서울특별시 마포구 합정동 200-1, 6층601호 (합정동,펠리스아트빌아파트)",,서울특별시 마포구 합정동,200-1,0,601호,6.0,펠리스아트빌아파트,33.2,12.8,187000000,187000000,187000000.0,2020-08-25,2020,8,25,매각,100,100.0,토지및건물 지분매각
서울동부2계,2018-53396,2018,아파트,"서울특별시 강동구 성내동 446-11, 4층401호 (성내동,동남아파트)",,서울특별시 강동구 성내동,446-11,동,401호,4.0,성내동남아파트,84.64,33.95,572000000,457600000,527000000.0,2020-08-24,2020,8,24,매각,80,92.0,
서울동부2계,2019-4681,2019,아파트,"서울특별시 송파구 거여동 293, 404동 12층1205호 (거여동,거여4단지아파트)",,서울특별시 송파구 거여동,293,404동,1205호,12.0,거여4단지아파트,59.73,33.85,739000000,739000000,805500000.0,2020-08-24,2020,8,24,매각,100,109.0,
서울중앙7계,2019-106409,2019,아파트,"서울특별시 서초구 방배동 755-14, 6층607호 (방배동,리첸시아 방배)",,서울특별시 서초구 방배동,755-14,0,607호,6.0,리첸시아방배,75.02,19.0,750000000,480000000,601200000.0,2020-08-20,2020,8,20,매각,64,80.0,토지및건물 지분매각
서울중앙7계,2019-106669,2019,아파트,"서울특별시 동작구 상도동 531, 103동 11층 1105호 (상도동,힐스테이트 상도 센트럴파크)",,서울특별시 동작구 상도동,531,103동,1105호,11.0,힐스테이트상도센트럴파크,118.2086,68.3166,1320000000,1320000000,1432330000.0,2020-08-20,2020,8,20,매각,100,109.0,선순위전세권
